name,email,phone,occupation,occupation_summary,email_subject,email_content,sender_email,generated_date
Isabel Valencia Zuniga,,3474631193,Event Organizer; Artist,event organizer and artist,Thank you for supporting Healing Through Arts: NYC Schools! 🎭,"Subject: Thank you for supporting Healing Through Arts: NYC Schools! 🎭

Dear Isabel Valencia Zuniga,

Thank you so much for supporting Healing Through Arts: NYC Schools on Monday, October 13, 2025! It was wonderful to have you join us at Rake Wine Bar (45 1st Ave, NYC) for an evening celebrating the power of arts in education.

As a talented event organizer and artist, your presence added so much to the vibrant community of artists, educators, and changemakers who came together that evening. The energy you brought to our wine tasting, performances, and conversations truly made the event special.

Thanks to supporters like you, we raised important funds for arts healing programs in underserved NYC schools. Your participation helps us continue empowering students through creative expression and healing arts education.

🎨 **Stay Connected for What's Next**
We're planning our upcoming Healing Through Arts: NYC Schools event! We'd love to keep you in the loop about:
- Upcoming arts healing events and performances
- Opportunities to get involved with NYC school programs  
- Ways to support creative education in underserved communities
- Networking with fellow artists and changemakers

Follow us and stay updated:
🌐 Website: csoaf.org
📧 Email: jameera@csoaf.org

We hope to see you at our next gathering! Thank you again for being part of this meaningful community working to heal and inspire through the arts.

With deep gratitude,

Jameera Mahima Gujjarlapudi
Community School of Arts Foundation
🌐 csoaf.org
📞 917 216-5176

P.S. If you have any photos or reflections from the event you'd like to share, we'd love to feature them in our community updates!",jameera@csoaf.org,2025-10-22 11:51:29
Jonathan Frnch Folly,frnch@familiapacti.com,9178086263,Artist; Teacher,artist and teacher,Thank you for supporting Healing Through Arts: NYC Schools! 🎭,"Subject: Thank you for supporting Healing Through Arts: NYC Schools! 🎭

Dear Jonathan Frnch Folly,

Thank you so much for supporting Healing Through Arts: NYC Schools on Monday, October 13, 2025! It was wonderful to have you join us at Rake Wine Bar (45 1st Ave, NYC) for an evening celebrating the power of arts in education.

As a talented artist and teacher, your presence added so much to the vibrant community of artists, educators, and changemakers who came together that evening. The energy you brought to our wine tasting, performances, and conversations truly made the event special.

Thanks to supporters like you, we raised important funds for arts healing programs in underserved NYC schools. Your participation helps us continue empowering students through creative expression and healing arts education.

🎨 **Stay Connected for What's Next**
We're planning our upcoming Healing Through Arts: NYC Schools event! We'd love to keep you in the loop about:
- Upcoming arts healing events and performances
- Opportunities to get involved with NYC school programs  
- Ways to support creative education in underserved communities
- Networking with fellow artists and changemakers

Follow us and stay updated:
🌐 Website: csoaf.org
📧 Email: jameera@csoaf.org

We hope to see you at our next gathering! Thank you again for being part of this meaningful community working to heal and inspire through the arts.

With deep gratitude,

Jameera Mahima Gujjarlapudi
Community School of Arts Foundation
🌐 csoaf.org
📞 917 216-5176

P.S. If you have any photos or reflections from the event you'd like to share, we'd love to feature them in our community updates!",jameera@csoaf.org,2025-10-22 11:51:29
Elizabeth Yurovskaya(z),zilfutura@gmail.com,2158802732,Curator; Painter; Production; Designer,"curator, painter, production, and designer",Thank you for supporting Healing Through Arts: NYC Schools! 🎭,"Subject: Thank you for supporting Healing Through Arts: NYC Schools! 🎭

Dear Elizabeth Yurovskaya(z),

Thank you so much for supporting Healing Through Arts: NYC Schools on Monday, October 13, 2025! It was wonderful to have you join us at Rake Wine Bar (45 1st Ave, NYC) for an evening celebrating the power of arts in education.

As a talented curator, painter, production, and designer, your presence added so much to the vibrant community of artists, educators, and changemakers who came together that evening. The energy you brought to our wine tasting, performances, and conversations truly made the event special.

Thanks to supporters like you, we raised important funds for arts healing programs in underserved NYC schools. Your participation helps us continue empowering students through creative expression and healing arts education.

🎨 **Stay Connected for What's Next**
We're planning our upcoming Healing Through Arts: NYC Schools event! We'd love to keep you in the loop about:
- Upcoming arts healing events and performances
- Opportunities to get involved with NYC school programs  
- Ways to support creative education in underserved communities
- Networking with fellow artists and changemakers

Follow us and stay updated:
🌐 Website: csoaf.org
📧 Email: jameera@csoaf.org

We hope to see you at our next gathering! Thank you again for being part of this meaningful community working to heal and inspire through the arts.

With deep gratitude,

Jameera Mahima Gujjarlapudi
Community School of Arts Foundation
🌐 csoaf.org
📞 917 216-5176

P.S. If you have any photos or reflections from the event you'd like to share, we'd love to feature them in our community updates!",jameera@csoaf.org,2025-10-22 11:51:29
Gabriela Garcia Belisario,gabrielagbelisario@gmail.com,8137688645,Filmmaker; Photographer; Video editor; Light tech,"filmmaker, photographer, video editor, and light tech",Thank you for supporting Healing Through Arts: NYC Schools! 🎭,"Subject: Thank you for supporting Healing Through Arts: NYC Schools! 🎭

Dear Gabriela Garcia Belisario,

Thank you so much for supporting Healing Through Arts: NYC Schools on Monday, October 13, 2025! It was wonderful to have you join us at Rake Wine Bar (45 1st Ave, NYC) for an evening celebrating the power of arts in education.

As a talented filmmaker, photographer, video editor, and light tech, your presence added so much to the vibrant community of artists, educators, and changemakers who came together that evening. The energy you brought to our wine tasting, performances, and conversations truly made the event special.

Thanks to supporters like you, we raised important funds for arts healing programs in underserved NYC schools. Your participation helps us continue empowering students through creative expression and healing arts education.

🎨 **Stay Connected for What's Next**
We're planning our upcoming Healing Through Arts: NYC Schools event! We'd love to keep you in the loop about:
- Upcoming arts healing events and performances
- Opportunities to get involved with NYC school programs  
- Ways to support creative education in underserved communities
- Networking with fellow artists and changemakers

Follow us and stay updated:
🌐 Website: csoaf.org
📧 Email: jameera@csoaf.org

We hope to see you at our next gathering! Thank you again for being part of this meaningful community working to heal and inspire through the arts.

With deep gratitude,

Jameera Mahima Gujjarlapudi
Community School of Arts Foundation
🌐 csoaf.org
📞 917 216-5176

P.S. If you have any photos or reflections from the event you'd like to share, we'd love to feature them in our community updates!",jameera@csoaf.org,2025-10-22 11:51:29
Belein Orsini,orsini7@gmail.com,6193139588,Filmmaker; Theater; Visual arts,"filmmaker, theater, and visual arts",Thank you for supporting Healing Through Arts: NYC Schools! 🎭,"Subject: Thank you for supporting Healing Through Arts: NYC Schools! 🎭

Dear Belein Orsini,

Thank you so much for supporting Healing Through Arts: NYC Schools on Monday, October 13, 2025! It was wonderful to have you join us at Rake Wine Bar (45 1st Ave, NYC) for an evening celebrating the power of arts in education.

As a talented filmmaker, theater, and visual arts, your presence added so much to the vibrant community of artists, educators, and changemakers who came together that evening. The energy you brought to our wine tasting, performances, and conversations truly made the event special.

Thanks to supporters like you, we raised important funds for arts healing programs in underserved NYC schools. Your participation helps us continue empowering students through creative expression and healing arts education.

🎨 **Stay Connected for What's Next**
We're planning our upcoming Healing Through Arts: NYC Schools event! We'd love to keep you in the loop about:
- Upcoming arts healing events and performances
- Opportunities to get involved with NYC school programs  
- Ways to support creative education in underserved communities
- Networking with fellow artists and changemakers

Follow us and stay updated:
🌐 Website: csoaf.org
📧 Email: jameera@csoaf.org

We hope to see you at our next gathering! Thank you again for being part of this meaningful community working to heal and inspire through the arts.

With deep gratitude,

Jameera Mahima Gujjarlapudi
Community School of Arts Foundation
🌐 csoaf.org
📞 917 216-5176

P.S. If you have any photos or reflections from the event you'd like to share, we'd love to feature them in our community updates!",jameera@csoaf.org,2025-10-22 11:51:29
Alexandra Alvarez,alexillustra@gmail.com,5516975753,,creative professional,Thank you for supporting Healing Through Arts: NYC Schools! 🎭,"Subject: Thank you for supporting Healing Through Arts: NYC Schools! 🎭

Dear Alexandra Alvarez,

Thank you so much for supporting Healing Through Arts: NYC Schools on Monday, October 13, 2025! It was wonderful to have you join us at Rake Wine Bar (45 1st Ave, NYC) for an evening celebrating the power of arts in education.

As a talented creative professional, your presence added so much to the vibrant community of artists, educators, and changemakers who came together that evening. The energy you brought to our wine tasting, performances, and conversations truly made the event special.

Thanks to supporters like you, we raised important funds for arts healing programs in underserved NYC schools. Your participation helps us continue empowering students through creative expression and healing arts education.

🎨 **Stay Connected for What's Next**
We're planning our upcoming Healing Through Arts: NYC Schools event! We'd love to keep you in the loop about:
- Upcoming arts healing events and performances
- Opportunities to get involved with NYC school programs  
- Ways to support creative education in underserved communities
- Networking with fellow artists and changemakers

Follow us and stay updated:
🌐 Website: csoaf.org
📧 Email: jameera@csoaf.org

We hope to see you at our next gathering! Thank you again for being part of this meaningful community working to heal and inspire through the arts.

With deep gratitude,

Jameera Mahima Gujjarlapudi
Community School of Arts Foundation
🌐 csoaf.org
📞 917 216-5176

P.S. If you have any photos or reflections from the event you'd like to share, we'd love to feature them in our community updates!",jameera@csoaf.org,2025-10-22 11:51:29
Tory Grossman,tory@betternow.nyc,9148066556,,creative professional,Thank you for supporting Healing Through Arts: NYC Schools! 🎭,"Subject: Thank you for supporting Healing Through Arts: NYC Schools! 🎭

Dear Tory Grossman,

Thank you so much for supporting Healing Through Arts: NYC Schools on Monday, October 13, 2025! It was wonderful to have you join us at Rake Wine Bar (45 1st Ave, NYC) for an evening celebrating the power of arts in education.

As a talented creative professional, your presence added so much to the vibrant community of artists, educators, and changemakers who came together that evening. The energy you brought to our wine tasting, performances, and conversations truly made the event special.

Thanks to supporters like you, we raised important funds for arts healing programs in underserved NYC schools. Your participation helps us continue empowering students through creative expression and healing arts education.

🎨 **Stay Connected for What's Next**
We're planning our upcoming Healing Through Arts: NYC Schools event! We'd love to keep you in the loop about:
- Upcoming arts healing events and performances
- Opportunities to get involved with NYC school programs  
- Ways to support creative education in underserved communities
- Networking with fellow artists and changemakers

Follow us and stay updated:
🌐 Website: csoaf.org
📧 Email: jameera@csoaf.org

We hope to see you at our next gathering! Thank you again for being part of this meaningful community working to heal and inspire through the arts.

With deep gratitude,

Jameera Mahima Gujjarlapudi
Community School of Arts Foundation
🌐 csoaf.org
📞 917 216-5176

P.S. If you have any photos or reflections from the event you'd like to share, we'd love to feature them in our community updates!",jameera@csoaf.org,2025-10-22 11:51:29
