title,category,description,target_audience,schedule,estimated_annual_cost,sessions_per_year,cost_per_session,participants_capacity,instructor_requirements,equipment_needed,space_requirements
Adaptive Dance Movement Therapy,Dance,"Therapeutic dance program designed for individuals with disabilities, focusing on movement as healing and self-expression","People with Disabilities, Adults",Weekly,12000,48,175,15,Certified Dance Movement Therapist,"Sound system, adaptive equipment, safety mats",Accessible studio space with mirrors
Inclusive Music Therapy Sessions,Music,"Music therapy program for diverse abilities, using instruments and voice to promote healing and social connection","People with Disabilities, Children/Youth, Adults",Weekly,15000,50,200,12,Licensed Music Therapist,"Adaptive instruments, sound equipment, recording tools",Soundproof room with piano
Art Therapy for Trauma Recovery,Visual Arts,Visual arts therapy program helping individuals process trauma through creative expression and guided art-making,"Adults, Veterans, People with Disabilities",Weekly,10000,45,150,10,Licensed Art Therapist,"Art supplies, easels, specialized tools",Well-lit studio with storage
Inclusive Theater Workshop,Theater,Collaborative theater program bringing together people of all abilities to create and perform original works,"People with Disabilities, Children/Youth, Adults",Weekly,8000,40,125,20,Theater director with inclusive experience,"Costumes, props, lighting, sound system",Theater or large performance space
Mindfulness & Meditation Circle,Healing Arts,Guided mindfulness and meditation sessions focused on mental wellness and stress reduction for all abilities,"Adults, People with Disabilities, Families",Weekly,6000,50,75,25,Certified mindfulness instructor,"Meditation cushions, sound bowls, aromatherapy","Quiet, comfortable room"
Adaptive Visual Arts Studio,Visual Arts,Open studio program providing adaptive tools and techniques for visual arts creation across all disability types,"People with Disabilities, Adults, Children/Youth",Weekly,9000,48,125,15,Artist with adaptive techniques training,"Adaptive brushes, easels, specialized tools",Accessible art studio
Family Healing Arts Program,General Arts,"Multi-disciplinary arts program for families affected by disability, fostering connection through shared creative experiences","Families, Children/Youth, People with Disabilities",Monthly,5000,12,200,30,Family therapist with arts background,"Various art supplies, musical instruments","Large, flexible space"
Creative Writing & Storytelling,General Arts,Adaptive writing program using technology and alternative communication methods to support creative expression,"People with Disabilities, Adults, Children/Youth",Weekly,7000,40,100,12,Writer with adaptive communication experience,"Computers, adaptive keyboards, recording equipment",Computer lab or flexible classroom
Sensory Integration Arts Program,Healing Arts,Multi-sensory arts program designed for individuals with autism and sensory processing differences,"People with Disabilities, Children/Youth",Weekly,11000,45,150,8,Occupational therapist with arts training,"Sensory tools, textured materials, lighting",Sensory-friendly environment
Professional Development for Artists,General Arts,"Training program for artists working with diverse populations, focusing on inclusive practices and adaptive techniques","Adults, Artists, Educators",Monthly,8000,12,300,20,Expert in inclusive arts education,"Training materials, demonstration tools",Training facility
