sponsor_name,email_address,template_used,alignment_score,potential_level,subject,content,template_type,first_name_used
Imagine Performing Arts Fund,,4,32.05882352941177,Medium,Healing Through Arts: NYC Schools,"Hello,

We're excited to invite you to join us as a sponsor of Healing Through Arts: NYC Schools, an unforgettable evening where art, music, and community come together to create lasting impact for NYC students.

[Insert banner image here]
""Students performing arts in NYC schools""

Why sponsor this event?

Direct community impact: Every sponsorship dollar funds arts healing programs in underserved NYC schools.

Exclusive engagement: Connect with city leaders, artists, and philanthropists at a vibrant evening of performances, wine tasting, and conversations.

🎭 Healing Through Arts: NYC Schools Benefit
📅 Monday, November 18, 2025 | 7:00 PM – 9:00 PM (doors open 6:30 PM)
📍 Rake Wine Bar (45 1st Ave, NYC)
🎟️ $35 per ticket
✨ Arts displays & live performances
🥂 Wine tasting & hors d'oeuvres
🤝 Meet fellow changemakers

Every ticket funds arts healing programs—attend to see how you can support further.

👉 [Get Your Ticket]

Corporate sponsors: Companies can also support, attend to learn more.

With gratitude,
Jameera Mahima Gujjarlapudi
Community School of Arts Foundation
🌐 Website: csoaf.org
📞 Phone: 917 216-5176",No Name + Never Donated,
Arts Equity & Education Fund,,4,32.05882352941177,Medium,Healing Through Arts: NYC Schools,"Hello,

We're excited to invite you to join us as a sponsor of Healing Through Arts: NYC Schools, an unforgettable evening where art, music, and community come together to create lasting impact for NYC students.

[Insert banner image here]
""Students performing arts in NYC schools""

Why sponsor this event?

Direct community impact: Every sponsorship dollar funds arts healing programs in underserved NYC schools.

Exclusive engagement: Connect with city leaders, artists, and philanthropists at a vibrant evening of performances, wine tasting, and conversations.

🎭 Healing Through Arts: NYC Schools Benefit
📅 Monday, November 18, 2025 | 7:00 PM – 9:00 PM (doors open 6:30 PM)
📍 Rake Wine Bar (45 1st Ave, NYC)
🎟️ $35 per ticket
✨ Arts displays & live performances
🥂 Wine tasting & hors d'oeuvres
🤝 Meet fellow changemakers

Every ticket funds arts healing programs—attend to see how you can support further.

👉 [Get Your Ticket]

Corporate sponsors: Companies can also support, attend to learn more.

With gratitude,
Jameera Mahima Gujjarlapudi
Community School of Arts Foundation
🌐 Website: csoaf.org
📞 Phone: 917 216-5176",No Name + Never Donated,
Public Employees Federation Public Employees Benefits Fund,,4,27.058823529411768,Medium,Healing Through Arts: NYC Schools,"Hello,

We're excited to invite you to join us as a sponsor of Healing Through Arts: NYC Schools, an unforgettable evening where art, music, and community come together to create lasting impact for NYC students.

[Insert banner image here]
""Students performing arts in NYC schools""

Why sponsor this event?

Direct community impact: Every sponsorship dollar funds arts healing programs in underserved NYC schools.

Exclusive engagement: Connect with city leaders, artists, and philanthropists at a vibrant evening of performances, wine tasting, and conversations.

🎭 Healing Through Arts: NYC Schools Benefit
📅 Monday, November 18, 2025 | 7:00 PM – 9:00 PM (doors open 6:30 PM)
📍 Rake Wine Bar (45 1st Ave, NYC)
🎟️ $35 per ticket
✨ Arts displays & live performances
🥂 Wine tasting & hors d'oeuvres
🤝 Meet fellow changemakers

Every ticket funds arts healing programs—attend to see how you can support further.

👉 [Get Your Ticket]

Corporate sponsors: Companies can also support, attend to learn more.

With gratitude,
Jameera Mahima Gujjarlapudi
Community School of Arts Foundation
🌐 Website: csoaf.org
📞 Phone: 917 216-5176",No Name + Never Donated,
Artis Contemporary Israeli Art Fund Inc,,4,24.705882352941178,Low,Healing Through Arts: NYC Schools,"Hello,

We're excited to invite you to join us as a sponsor of Healing Through Arts: NYC Schools, an unforgettable evening where art, music, and community come together to create lasting impact for NYC students.

[Insert banner image here]
""Students performing arts in NYC schools""

Why sponsor this event?

Direct community impact: Every sponsorship dollar funds arts healing programs in underserved NYC schools.

Exclusive engagement: Connect with city leaders, artists, and philanthropists at a vibrant evening of performances, wine tasting, and conversations.

🎭 Healing Through Arts: NYC Schools Benefit
📅 Monday, November 18, 2025 | 7:00 PM – 9:00 PM (doors open 6:30 PM)
📍 Rake Wine Bar (45 1st Ave, NYC)
🎟️ $35 per ticket
✨ Arts displays & live performances
🥂 Wine tasting & hors d'oeuvres
🤝 Meet fellow changemakers

Every ticket funds arts healing programs—attend to see how you can support further.

👉 [Get Your Ticket]

Corporate sponsors: Companies can also support, attend to learn more.

With gratitude,
Jameera Mahima Gujjarlapudi
Community School of Arts Foundation
🌐 Website: csoaf.org
📞 Phone: 917 216-5176",No Name + Never Donated,
Cannon Educational Fund,,4,24.705882352941178,Low,Healing Through Arts: NYC Schools,"Hello,

We're excited to invite you to join us as a sponsor of Healing Through Arts: NYC Schools, an unforgettable evening where art, music, and community come together to create lasting impact for NYC students.

[Insert banner image here]
""Students performing arts in NYC schools""

Why sponsor this event?

Direct community impact: Every sponsorship dollar funds arts healing programs in underserved NYC schools.

Exclusive engagement: Connect with city leaders, artists, and philanthropists at a vibrant evening of performances, wine tasting, and conversations.

🎭 Healing Through Arts: NYC Schools Benefit
📅 Monday, November 18, 2025 | 7:00 PM – 9:00 PM (doors open 6:30 PM)
📍 Rake Wine Bar (45 1st Ave, NYC)
🎟️ $35 per ticket
✨ Arts displays & live performances
🥂 Wine tasting & hors d'oeuvres
🤝 Meet fellow changemakers

Every ticket funds arts healing programs—attend to see how you can support further.

👉 [Get Your Ticket]

Corporate sponsors: Companies can also support, attend to learn more.

With gratitude,
Jameera Mahima Gujjarlapudi
Community School of Arts Foundation
🌐 Website: csoaf.org
📞 Phone: 917 216-5176",No Name + Never Donated,
Supermajority Education Fund,,4,24.705882352941178,Low,Healing Through Arts: NYC Schools,"Hello,

We're excited to invite you to join us as a sponsor of Healing Through Arts: NYC Schools, an unforgettable evening where art, music, and community come together to create lasting impact for NYC students.

[Insert banner image here]
""Students performing arts in NYC schools""

Why sponsor this event?

Direct community impact: Every sponsorship dollar funds arts healing programs in underserved NYC schools.

Exclusive engagement: Connect with city leaders, artists, and philanthropists at a vibrant evening of performances, wine tasting, and conversations.

🎭 Healing Through Arts: NYC Schools Benefit
📅 Monday, November 18, 2025 | 7:00 PM – 9:00 PM (doors open 6:30 PM)
📍 Rake Wine Bar (45 1st Ave, NYC)
🎟️ $35 per ticket
✨ Arts displays & live performances
🥂 Wine tasting & hors d'oeuvres
🤝 Meet fellow changemakers

Every ticket funds arts healing programs—attend to see how you can support further.

👉 [Get Your Ticket]

Corporate sponsors: Companies can also support, attend to learn more.

With gratitude,
Jameera Mahima Gujjarlapudi
Community School of Arts Foundation
🌐 Website: csoaf.org
📞 Phone: 917 216-5176",No Name + Never Donated,
Food Education Fund,,4,24.705882352941178,Low,Healing Through Arts: NYC Schools,"Hello,

We're excited to invite you to join us as a sponsor of Healing Through Arts: NYC Schools, an unforgettable evening where art, music, and community come together to create lasting impact for NYC students.

[Insert banner image here]
""Students performing arts in NYC schools""

Why sponsor this event?

Direct community impact: Every sponsorship dollar funds arts healing programs in underserved NYC schools.

Exclusive engagement: Connect with city leaders, artists, and philanthropists at a vibrant evening of performances, wine tasting, and conversations.

🎭 Healing Through Arts: NYC Schools Benefit
📅 Monday, November 18, 2025 | 7:00 PM – 9:00 PM (doors open 6:30 PM)
📍 Rake Wine Bar (45 1st Ave, NYC)
🎟️ $35 per ticket
✨ Arts displays & live performances
🥂 Wine tasting & hors d'oeuvres
🤝 Meet fellow changemakers

Every ticket funds arts healing programs—attend to see how you can support further.

👉 [Get Your Ticket]

Corporate sponsors: Companies can also support, attend to learn more.

With gratitude,
Jameera Mahima Gujjarlapudi
Community School of Arts Foundation
🌐 Website: csoaf.org
📞 Phone: 917 216-5176",No Name + Never Donated,
Kenya Education Fund,,4,24.705882352941178,Low,Healing Through Arts: NYC Schools,"Hello,

We're excited to invite you to join us as a sponsor of Healing Through Arts: NYC Schools, an unforgettable evening where art, music, and community come together to create lasting impact for NYC students.

[Insert banner image here]
""Students performing arts in NYC schools""

Why sponsor this event?

Direct community impact: Every sponsorship dollar funds arts healing programs in underserved NYC schools.

Exclusive engagement: Connect with city leaders, artists, and philanthropists at a vibrant evening of performances, wine tasting, and conversations.

🎭 Healing Through Arts: NYC Schools Benefit
📅 Monday, November 18, 2025 | 7:00 PM – 9:00 PM (doors open 6:30 PM)
📍 Rake Wine Bar (45 1st Ave, NYC)
🎟️ $35 per ticket
✨ Arts displays & live performances
🥂 Wine tasting & hors d'oeuvres
🤝 Meet fellow changemakers

Every ticket funds arts healing programs—attend to see how you can support further.

👉 [Get Your Ticket]

Corporate sponsors: Companies can also support, attend to learn more.

With gratitude,
Jameera Mahima Gujjarlapudi
Community School of Arts Foundation
🌐 Website: csoaf.org
📞 Phone: 917 216-5176",No Name + Never Donated,
Giving Beck Fund,,4,24.705882352941178,Low,Healing Through Arts: NYC Schools,"Hello,

We're excited to invite you to join us as a sponsor of Healing Through Arts: NYC Schools, an unforgettable evening where art, music, and community come together to create lasting impact for NYC students.

[Insert banner image here]
""Students performing arts in NYC schools""

Why sponsor this event?

Direct community impact: Every sponsorship dollar funds arts healing programs in underserved NYC schools.

Exclusive engagement: Connect with city leaders, artists, and philanthropists at a vibrant evening of performances, wine tasting, and conversations.

🎭 Healing Through Arts: NYC Schools Benefit
📅 Monday, November 18, 2025 | 7:00 PM – 9:00 PM (doors open 6:30 PM)
📍 Rake Wine Bar (45 1st Ave, NYC)
🎟️ $35 per ticket
✨ Arts displays & live performances
🥂 Wine tasting & hors d'oeuvres
🤝 Meet fellow changemakers

Every ticket funds arts healing programs—attend to see how you can support further.

👉 [Get Your Ticket]

Corporate sponsors: Companies can also support, attend to learn more.

With gratitude,
Jameera Mahima Gujjarlapudi
Community School of Arts Foundation
🌐 Website: csoaf.org
📞 Phone: 917 216-5176",No Name + Never Donated,
Gescheidt Educational Fund,,4,24.705882352941178,Low,Healing Through Arts: NYC Schools,"Hello,

We're excited to invite you to join us as a sponsor of Healing Through Arts: NYC Schools, an unforgettable evening where art, music, and community come together to create lasting impact for NYC students.

[Insert banner image here]
""Students performing arts in NYC schools""

Why sponsor this event?

Direct community impact: Every sponsorship dollar funds arts healing programs in underserved NYC schools.

Exclusive engagement: Connect with city leaders, artists, and philanthropists at a vibrant evening of performances, wine tasting, and conversations.

🎭 Healing Through Arts: NYC Schools Benefit
📅 Monday, November 18, 2025 | 7:00 PM – 9:00 PM (doors open 6:30 PM)
📍 Rake Wine Bar (45 1st Ave, NYC)
🎟️ $35 per ticket
✨ Arts displays & live performances
🥂 Wine tasting & hors d'oeuvres
🤝 Meet fellow changemakers

Every ticket funds arts healing programs—attend to see how you can support further.

👉 [Get Your Ticket]

Corporate sponsors: Companies can also support, attend to learn more.

With gratitude,
Jameera Mahima Gujjarlapudi
Community School of Arts Foundation
🌐 Website: csoaf.org
📞 Phone: 917 216-5176",No Name + Never Donated,
Map Educational Fund,,4,24.705882352941178,Low,Healing Through Arts: NYC Schools,"Hello,

We're excited to invite you to join us as a sponsor of Healing Through Arts: NYC Schools, an unforgettable evening where art, music, and community come together to create lasting impact for NYC students.

[Insert banner image here]
""Students performing arts in NYC schools""

Why sponsor this event?

Direct community impact: Every sponsorship dollar funds arts healing programs in underserved NYC schools.

Exclusive engagement: Connect with city leaders, artists, and philanthropists at a vibrant evening of performances, wine tasting, and conversations.

🎭 Healing Through Arts: NYC Schools Benefit
📅 Monday, November 18, 2025 | 7:00 PM – 9:00 PM (doors open 6:30 PM)
📍 Rake Wine Bar (45 1st Ave, NYC)
🎟️ $35 per ticket
✨ Arts displays & live performances
🥂 Wine tasting & hors d'oeuvres
🤝 Meet fellow changemakers

Every ticket funds arts healing programs—attend to see how you can support further.

👉 [Get Your Ticket]

Corporate sponsors: Companies can also support, attend to learn more.

With gratitude,
Jameera Mahima Gujjarlapudi
Community School of Arts Foundation
🌐 Website: csoaf.org
📞 Phone: 917 216-5176",No Name + Never Donated,
Sba Scholarship Fund,,4,24.705882352941178,Low,Healing Through Arts: NYC Schools,"Hello,

We're excited to invite you to join us as a sponsor of Healing Through Arts: NYC Schools, an unforgettable evening where art, music, and community come together to create lasting impact for NYC students.

[Insert banner image here]
""Students performing arts in NYC schools""

Why sponsor this event?

Direct community impact: Every sponsorship dollar funds arts healing programs in underserved NYC schools.

Exclusive engagement: Connect with city leaders, artists, and philanthropists at a vibrant evening of performances, wine tasting, and conversations.

🎭 Healing Through Arts: NYC Schools Benefit
📅 Monday, November 18, 2025 | 7:00 PM – 9:00 PM (doors open 6:30 PM)
📍 Rake Wine Bar (45 1st Ave, NYC)
🎟️ $35 per ticket
✨ Arts displays & live performances
🥂 Wine tasting & hors d'oeuvres
🤝 Meet fellow changemakers

Every ticket funds arts healing programs—attend to see how you can support further.

👉 [Get Your Ticket]

Corporate sponsors: Companies can also support, attend to learn more.

With gratitude,
Jameera Mahima Gujjarlapudi
Community School of Arts Foundation
🌐 Website: csoaf.org
📞 Phone: 917 216-5176",No Name + Never Donated,
Beatitude Scholarship Fund,,4,24.705882352941178,Low,Healing Through Arts: NYC Schools,"Hello,

We're excited to invite you to join us as a sponsor of Healing Through Arts: NYC Schools, an unforgettable evening where art, music, and community come together to create lasting impact for NYC students.

[Insert banner image here]
""Students performing arts in NYC schools""

Why sponsor this event?

Direct community impact: Every sponsorship dollar funds arts healing programs in underserved NYC schools.

Exclusive engagement: Connect with city leaders, artists, and philanthropists at a vibrant evening of performances, wine tasting, and conversations.

🎭 Healing Through Arts: NYC Schools Benefit
📅 Monday, November 18, 2025 | 7:00 PM – 9:00 PM (doors open 6:30 PM)
📍 Rake Wine Bar (45 1st Ave, NYC)
🎟️ $35 per ticket
✨ Arts displays & live performances
🥂 Wine tasting & hors d'oeuvres
🤝 Meet fellow changemakers

Every ticket funds arts healing programs—attend to see how you can support further.

👉 [Get Your Ticket]

Corporate sponsors: Companies can also support, attend to learn more.

With gratitude,
Jameera Mahima Gujjarlapudi
Community School of Arts Foundation
🌐 Website: csoaf.org
📞 Phone: 917 216-5176",No Name + Never Donated,
Flavin Scholarship Fund,,4,24.705882352941178,Low,Healing Through Arts: NYC Schools,"Hello,

We're excited to invite you to join us as a sponsor of Healing Through Arts: NYC Schools, an unforgettable evening where art, music, and community come together to create lasting impact for NYC students.

[Insert banner image here]
""Students performing arts in NYC schools""

Why sponsor this event?

Direct community impact: Every sponsorship dollar funds arts healing programs in underserved NYC schools.

Exclusive engagement: Connect with city leaders, artists, and philanthropists at a vibrant evening of performances, wine tasting, and conversations.

🎭 Healing Through Arts: NYC Schools Benefit
📅 Monday, November 18, 2025 | 7:00 PM – 9:00 PM (doors open 6:30 PM)
📍 Rake Wine Bar (45 1st Ave, NYC)
🎟️ $35 per ticket
✨ Arts displays & live performances
🥂 Wine tasting & hors d'oeuvres
🤝 Meet fellow changemakers

Every ticket funds arts healing programs—attend to see how you can support further.

👉 [Get Your Ticket]

Corporate sponsors: Companies can also support, attend to learn more.

With gratitude,
Jameera Mahima Gujjarlapudi
Community School of Arts Foundation
🌐 Website: csoaf.org
📞 Phone: 917 216-5176",No Name + Never Donated,
Asum Scholarship Fund,,4,24.705882352941178,Low,Healing Through Arts: NYC Schools,"Hello,

We're excited to invite you to join us as a sponsor of Healing Through Arts: NYC Schools, an unforgettable evening where art, music, and community come together to create lasting impact for NYC students.

[Insert banner image here]
""Students performing arts in NYC schools""

Why sponsor this event?

Direct community impact: Every sponsorship dollar funds arts healing programs in underserved NYC schools.

Exclusive engagement: Connect with city leaders, artists, and philanthropists at a vibrant evening of performances, wine tasting, and conversations.

🎭 Healing Through Arts: NYC Schools Benefit
📅 Monday, November 18, 2025 | 7:00 PM – 9:00 PM (doors open 6:30 PM)
📍 Rake Wine Bar (45 1st Ave, NYC)
🎟️ $35 per ticket
✨ Arts displays & live performances
🥂 Wine tasting & hors d'oeuvres
🤝 Meet fellow changemakers

Every ticket funds arts healing programs—attend to see how you can support further.

👉 [Get Your Ticket]

Corporate sponsors: Companies can also support, attend to learn more.

With gratitude,
Jameera Mahima Gujjarlapudi
Community School of Arts Foundation
🌐 Website: csoaf.org
📞 Phone: 917 216-5176",No Name + Never Donated,
Adb Scholarship Fund,,4,24.705882352941178,Low,Healing Through Arts: NYC Schools,"Hello,

We're excited to invite you to join us as a sponsor of Healing Through Arts: NYC Schools, an unforgettable evening where art, music, and community come together to create lasting impact for NYC students.

[Insert banner image here]
""Students performing arts in NYC schools""

Why sponsor this event?

Direct community impact: Every sponsorship dollar funds arts healing programs in underserved NYC schools.

Exclusive engagement: Connect with city leaders, artists, and philanthropists at a vibrant evening of performances, wine tasting, and conversations.

🎭 Healing Through Arts: NYC Schools Benefit
📅 Monday, November 18, 2025 | 7:00 PM – 9:00 PM (doors open 6:30 PM)
📍 Rake Wine Bar (45 1st Ave, NYC)
🎟️ $35 per ticket
✨ Arts displays & live performances
🥂 Wine tasting & hors d'oeuvres
🤝 Meet fellow changemakers

Every ticket funds arts healing programs—attend to see how you can support further.

👉 [Get Your Ticket]

Corporate sponsors: Companies can also support, attend to learn more.

With gratitude,
Jameera Mahima Gujjarlapudi
Community School of Arts Foundation
🌐 Website: csoaf.org
📞 Phone: 917 216-5176",No Name + Never Donated,
Nonprofit Finance Fund,,4,24.705882352941178,Low,Healing Through Arts: NYC Schools,"Hello,

We're excited to invite you to join us as a sponsor of Healing Through Arts: NYC Schools, an unforgettable evening where art, music, and community come together to create lasting impact for NYC students.

[Insert banner image here]
""Students performing arts in NYC schools""

Why sponsor this event?

Direct community impact: Every sponsorship dollar funds arts healing programs in underserved NYC schools.

Exclusive engagement: Connect with city leaders, artists, and philanthropists at a vibrant evening of performances, wine tasting, and conversations.

🎭 Healing Through Arts: NYC Schools Benefit
📅 Monday, November 18, 2025 | 7:00 PM – 9:00 PM (doors open 6:30 PM)
📍 Rake Wine Bar (45 1st Ave, NYC)
🎟️ $35 per ticket
✨ Arts displays & live performances
🥂 Wine tasting & hors d'oeuvres
🤝 Meet fellow changemakers

Every ticket funds arts healing programs—attend to see how you can support further.

👉 [Get Your Ticket]

Corporate sponsors: Companies can also support, attend to learn more.

With gratitude,
Jameera Mahima Gujjarlapudi
Community School of Arts Foundation
🌐 Website: csoaf.org
📞 Phone: 917 216-5176",No Name + Never Donated,
Bunting Charity Lodge Charity Fund Inc,,4,24.705882352941178,Low,Healing Through Arts: NYC Schools,"Hello,

We're excited to invite you to join us as a sponsor of Healing Through Arts: NYC Schools, an unforgettable evening where art, music, and community come together to create lasting impact for NYC students.

[Insert banner image here]
""Students performing arts in NYC schools""

Why sponsor this event?

Direct community impact: Every sponsorship dollar funds arts healing programs in underserved NYC schools.

Exclusive engagement: Connect with city leaders, artists, and philanthropists at a vibrant evening of performances, wine tasting, and conversations.

🎭 Healing Through Arts: NYC Schools Benefit
📅 Monday, November 18, 2025 | 7:00 PM – 9:00 PM (doors open 6:30 PM)
📍 Rake Wine Bar (45 1st Ave, NYC)
🎟️ $35 per ticket
✨ Arts displays & live performances
🥂 Wine tasting & hors d'oeuvres
🤝 Meet fellow changemakers

Every ticket funds arts healing programs—attend to see how you can support further.

👉 [Get Your Ticket]

Corporate sponsors: Companies can also support, attend to learn more.

With gratitude,
Jameera Mahima Gujjarlapudi
Community School of Arts Foundation
🌐 Website: csoaf.org
📞 Phone: 917 216-5176",No Name + Never Donated,
Wellspring Charity Fund,,4,24.705882352941178,Low,Healing Through Arts: NYC Schools,"Hello,

We're excited to invite you to join us as a sponsor of Healing Through Arts: NYC Schools, an unforgettable evening where art, music, and community come together to create lasting impact for NYC students.

[Insert banner image here]
""Students performing arts in NYC schools""

Why sponsor this event?

Direct community impact: Every sponsorship dollar funds arts healing programs in underserved NYC schools.

Exclusive engagement: Connect with city leaders, artists, and philanthropists at a vibrant evening of performances, wine tasting, and conversations.

🎭 Healing Through Arts: NYC Schools Benefit
📅 Monday, November 18, 2025 | 7:00 PM – 9:00 PM (doors open 6:30 PM)
📍 Rake Wine Bar (45 1st Ave, NYC)
🎟️ $35 per ticket
✨ Arts displays & live performances
🥂 Wine tasting & hors d'oeuvres
🤝 Meet fellow changemakers

Every ticket funds arts healing programs—attend to see how you can support further.

👉 [Get Your Ticket]

Corporate sponsors: Companies can also support, attend to learn more.

With gratitude,
Jameera Mahima Gujjarlapudi
Community School of Arts Foundation
🌐 Website: csoaf.org
📞 Phone: 917 216-5176",No Name + Never Donated,
Bjls Charity Fund,,4,24.705882352941178,Low,Healing Through Arts: NYC Schools,"Hello,

We're excited to invite you to join us as a sponsor of Healing Through Arts: NYC Schools, an unforgettable evening where art, music, and community come together to create lasting impact for NYC students.

[Insert banner image here]
""Students performing arts in NYC schools""

Why sponsor this event?

Direct community impact: Every sponsorship dollar funds arts healing programs in underserved NYC schools.

Exclusive engagement: Connect with city leaders, artists, and philanthropists at a vibrant evening of performances, wine tasting, and conversations.

🎭 Healing Through Arts: NYC Schools Benefit
📅 Monday, November 18, 2025 | 7:00 PM – 9:00 PM (doors open 6:30 PM)
📍 Rake Wine Bar (45 1st Ave, NYC)
🎟️ $35 per ticket
✨ Arts displays & live performances
🥂 Wine tasting & hors d'oeuvres
🤝 Meet fellow changemakers

Every ticket funds arts healing programs—attend to see how you can support further.

👉 [Get Your Ticket]

Corporate sponsors: Companies can also support, attend to learn more.

With gratitude,
Jameera Mahima Gujjarlapudi
Community School of Arts Foundation
🌐 Website: csoaf.org
📞 Phone: 917 216-5176",No Name + Never Donated,
Lorber Charitable Fund,,4,24.705882352941178,Low,Healing Through Arts: NYC Schools,"Hello,

We're excited to invite you to join us as a sponsor of Healing Through Arts: NYC Schools, an unforgettable evening where art, music, and community come together to create lasting impact for NYC students.

[Insert banner image here]
""Students performing arts in NYC schools""

Why sponsor this event?

Direct community impact: Every sponsorship dollar funds arts healing programs in underserved NYC schools.

Exclusive engagement: Connect with city leaders, artists, and philanthropists at a vibrant evening of performances, wine tasting, and conversations.

🎭 Healing Through Arts: NYC Schools Benefit
📅 Monday, November 18, 2025 | 7:00 PM – 9:00 PM (doors open 6:30 PM)
📍 Rake Wine Bar (45 1st Ave, NYC)
🎟️ $35 per ticket
✨ Arts displays & live performances
🥂 Wine tasting & hors d'oeuvres
🤝 Meet fellow changemakers

Every ticket funds arts healing programs—attend to see how you can support further.

👉 [Get Your Ticket]

Corporate sponsors: Companies can also support, attend to learn more.

With gratitude,
Jameera Mahima Gujjarlapudi
Community School of Arts Foundation
🌐 Website: csoaf.org
📞 Phone: 917 216-5176",No Name + Never Donated,
Turkish Philanthropy Funds Inc,,4,24.705882352941178,Low,Healing Through Arts: NYC Schools,"Hello,

We're excited to invite you to join us as a sponsor of Healing Through Arts: NYC Schools, an unforgettable evening where art, music, and community come together to create lasting impact for NYC students.

[Insert banner image here]
""Students performing arts in NYC schools""

Why sponsor this event?

Direct community impact: Every sponsorship dollar funds arts healing programs in underserved NYC schools.

Exclusive engagement: Connect with city leaders, artists, and philanthropists at a vibrant evening of performances, wine tasting, and conversations.

🎭 Healing Through Arts: NYC Schools Benefit
📅 Monday, November 18, 2025 | 7:00 PM – 9:00 PM (doors open 6:30 PM)
📍 Rake Wine Bar (45 1st Ave, NYC)
🎟️ $35 per ticket
✨ Arts displays & live performances
🥂 Wine tasting & hors d'oeuvres
🤝 Meet fellow changemakers

Every ticket funds arts healing programs—attend to see how you can support further.

👉 [Get Your Ticket]

Corporate sponsors: Companies can also support, attend to learn more.

With gratitude,
Jameera Mahima Gujjarlapudi
Community School of Arts Foundation
🌐 Website: csoaf.org
📞 Phone: 917 216-5176",No Name + Never Donated,
Oceanside Scholarship Fund,,4,24.705882352941178,Low,Healing Through Arts: NYC Schools,"Hello,

We're excited to invite you to join us as a sponsor of Healing Through Arts: NYC Schools, an unforgettable evening where art, music, and community come together to create lasting impact for NYC students.

[Insert banner image here]
""Students performing arts in NYC schools""

Why sponsor this event?

Direct community impact: Every sponsorship dollar funds arts healing programs in underserved NYC schools.

Exclusive engagement: Connect with city leaders, artists, and philanthropists at a vibrant evening of performances, wine tasting, and conversations.

🎭 Healing Through Arts: NYC Schools Benefit
📅 Monday, November 18, 2025 | 7:00 PM – 9:00 PM (doors open 6:30 PM)
📍 Rake Wine Bar (45 1st Ave, NYC)
🎟️ $35 per ticket
✨ Arts displays & live performances
🥂 Wine tasting & hors d'oeuvres
🤝 Meet fellow changemakers

Every ticket funds arts healing programs—attend to see how you can support further.

👉 [Get Your Ticket]

Corporate sponsors: Companies can also support, attend to learn more.

With gratitude,
Jameera Mahima Gujjarlapudi
Community School of Arts Foundation
🌐 Website: csoaf.org
📞 Phone: 917 216-5176",No Name + Never Donated,
Civic Involvement Fund,,4,24.705882352941178,Low,Healing Through Arts: NYC Schools,"Hello,

We're excited to invite you to join us as a sponsor of Healing Through Arts: NYC Schools, an unforgettable evening where art, music, and community come together to create lasting impact for NYC students.

[Insert banner image here]
""Students performing arts in NYC schools""

Why sponsor this event?

Direct community impact: Every sponsorship dollar funds arts healing programs in underserved NYC schools.

Exclusive engagement: Connect with city leaders, artists, and philanthropists at a vibrant evening of performances, wine tasting, and conversations.

🎭 Healing Through Arts: NYC Schools Benefit
📅 Monday, November 18, 2025 | 7:00 PM – 9:00 PM (doors open 6:30 PM)
📍 Rake Wine Bar (45 1st Ave, NYC)
🎟️ $35 per ticket
✨ Arts displays & live performances
🥂 Wine tasting & hors d'oeuvres
🤝 Meet fellow changemakers

Every ticket funds arts healing programs—attend to see how you can support further.

👉 [Get Your Ticket]

Corporate sponsors: Companies can also support, attend to learn more.

With gratitude,
Jameera Mahima Gujjarlapudi
Community School of Arts Foundation
🌐 Website: csoaf.org
📞 Phone: 917 216-5176",No Name + Never Donated,
Mbd Compass One B Housing Development Fund Company Inc,,4,24.705882352941178,Low,Healing Through Arts: NYC Schools,"Hello,

We're excited to invite you to join us as a sponsor of Healing Through Arts: NYC Schools, an unforgettable evening where art, music, and community come together to create lasting impact for NYC students.

[Insert banner image here]
""Students performing arts in NYC schools""

Why sponsor this event?

Direct community impact: Every sponsorship dollar funds arts healing programs in underserved NYC schools.

Exclusive engagement: Connect with city leaders, artists, and philanthropists at a vibrant evening of performances, wine tasting, and conversations.

🎭 Healing Through Arts: NYC Schools Benefit
📅 Monday, November 18, 2025 | 7:00 PM – 9:00 PM (doors open 6:30 PM)
📍 Rake Wine Bar (45 1st Ave, NYC)
🎟️ $35 per ticket
✨ Arts displays & live performances
🥂 Wine tasting & hors d'oeuvres
🤝 Meet fellow changemakers

Every ticket funds arts healing programs—attend to see how you can support further.

👉 [Get Your Ticket]

Corporate sponsors: Companies can also support, attend to learn more.

With gratitude,
Jameera Mahima Gujjarlapudi
Community School of Arts Foundation
🌐 Website: csoaf.org
📞 Phone: 917 216-5176",No Name + Never Donated,
Labor Management Healthcare Fund,,4,24.705882352941178,Low,Healing Through Arts: NYC Schools,"Hello,

We're excited to invite you to join us as a sponsor of Healing Through Arts: NYC Schools, an unforgettable evening where art, music, and community come together to create lasting impact for NYC students.

[Insert banner image here]
""Students performing arts in NYC schools""

Why sponsor this event?

Direct community impact: Every sponsorship dollar funds arts healing programs in underserved NYC schools.

Exclusive engagement: Connect with city leaders, artists, and philanthropists at a vibrant evening of performances, wine tasting, and conversations.

🎭 Healing Through Arts: NYC Schools Benefit
📅 Monday, November 18, 2025 | 7:00 PM – 9:00 PM (doors open 6:30 PM)
📍 Rake Wine Bar (45 1st Ave, NYC)
🎟️ $35 per ticket
✨ Arts displays & live performances
🥂 Wine tasting & hors d'oeuvres
🤝 Meet fellow changemakers

Every ticket funds arts healing programs—attend to see how you can support further.

👉 [Get Your Ticket]

Corporate sponsors: Companies can also support, attend to learn more.

With gratitude,
Jameera Mahima Gujjarlapudi
Community School of Arts Foundation
🌐 Website: csoaf.org
📞 Phone: 917 216-5176",No Name + Never Donated,
Youth Renewal Fund,,4,24.705882352941178,Low,Healing Through Arts: NYC Schools,"Hello,

We're excited to invite you to join us as a sponsor of Healing Through Arts: NYC Schools, an unforgettable evening where art, music, and community come together to create lasting impact for NYC students.

[Insert banner image here]
""Students performing arts in NYC schools""

Why sponsor this event?

Direct community impact: Every sponsorship dollar funds arts healing programs in underserved NYC schools.

Exclusive engagement: Connect with city leaders, artists, and philanthropists at a vibrant evening of performances, wine tasting, and conversations.

🎭 Healing Through Arts: NYC Schools Benefit
📅 Monday, November 18, 2025 | 7:00 PM – 9:00 PM (doors open 6:30 PM)
📍 Rake Wine Bar (45 1st Ave, NYC)
🎟️ $35 per ticket
✨ Arts displays & live performances
🥂 Wine tasting & hors d'oeuvres
🤝 Meet fellow changemakers

Every ticket funds arts healing programs—attend to see how you can support further.

👉 [Get Your Ticket]

Corporate sponsors: Companies can also support, attend to learn more.

With gratitude,
Jameera Mahima Gujjarlapudi
Community School of Arts Foundation
🌐 Website: csoaf.org
📞 Phone: 917 216-5176",No Name + Never Donated,
Albanian Children Fund,,4,24.705882352941178,Low,Healing Through Arts: NYC Schools,"Hello,

We're excited to invite you to join us as a sponsor of Healing Through Arts: NYC Schools, an unforgettable evening where art, music, and community come together to create lasting impact for NYC students.

[Insert banner image here]
""Students performing arts in NYC schools""

Why sponsor this event?

Direct community impact: Every sponsorship dollar funds arts healing programs in underserved NYC schools.

Exclusive engagement: Connect with city leaders, artists, and philanthropists at a vibrant evening of performances, wine tasting, and conversations.

🎭 Healing Through Arts: NYC Schools Benefit
📅 Monday, November 18, 2025 | 7:00 PM – 9:00 PM (doors open 6:30 PM)
📍 Rake Wine Bar (45 1st Ave, NYC)
🎟️ $35 per ticket
✨ Arts displays & live performances
🥂 Wine tasting & hors d'oeuvres
🤝 Meet fellow changemakers

Every ticket funds arts healing programs—attend to see how you can support further.

👉 [Get Your Ticket]

Corporate sponsors: Companies can also support, attend to learn more.

With gratitude,
Jameera Mahima Gujjarlapudi
Community School of Arts Foundation
🌐 Website: csoaf.org
📞 Phone: 917 216-5176",No Name + Never Donated,
United States Fund For Unicef,,4,24.705882352941178,Low,Healing Through Arts: NYC Schools,"Hello,

We're excited to invite you to join us as a sponsor of Healing Through Arts: NYC Schools, an unforgettable evening where art, music, and community come together to create lasting impact for NYC students.

[Insert banner image here]
""Students performing arts in NYC schools""

Why sponsor this event?

Direct community impact: Every sponsorship dollar funds arts healing programs in underserved NYC schools.

Exclusive engagement: Connect with city leaders, artists, and philanthropists at a vibrant evening of performances, wine tasting, and conversations.

🎭 Healing Through Arts: NYC Schools Benefit
📅 Monday, November 18, 2025 | 7:00 PM – 9:00 PM (doors open 6:30 PM)
📍 Rake Wine Bar (45 1st Ave, NYC)
🎟️ $35 per ticket
✨ Arts displays & live performances
🥂 Wine tasting & hors d'oeuvres
🤝 Meet fellow changemakers

Every ticket funds arts healing programs—attend to see how you can support further.

👉 [Get Your Ticket]

Corporate sponsors: Companies can also support, attend to learn more.

With gratitude,
Jameera Mahima Gujjarlapudi
Community School of Arts Foundation
🌐 Website: csoaf.org
📞 Phone: 917 216-5176",No Name + Never Donated,
Dance Fund,,4,24.705882352941178,Low,Healing Through Arts: NYC Schools,"Hello,

We're excited to invite you to join us as a sponsor of Healing Through Arts: NYC Schools, an unforgettable evening where art, music, and community come together to create lasting impact for NYC students.

[Insert banner image here]
""Students performing arts in NYC schools""

Why sponsor this event?

Direct community impact: Every sponsorship dollar funds arts healing programs in underserved NYC schools.

Exclusive engagement: Connect with city leaders, artists, and philanthropists at a vibrant evening of performances, wine tasting, and conversations.

🎭 Healing Through Arts: NYC Schools Benefit
📅 Monday, November 18, 2025 | 7:00 PM – 9:00 PM (doors open 6:30 PM)
📍 Rake Wine Bar (45 1st Ave, NYC)
🎟️ $35 per ticket
✨ Arts displays & live performances
🥂 Wine tasting & hors d'oeuvres
🤝 Meet fellow changemakers

Every ticket funds arts healing programs—attend to see how you can support further.

👉 [Get Your Ticket]

Corporate sponsors: Companies can also support, attend to learn more.

With gratitude,
Jameera Mahima Gujjarlapudi
Community School of Arts Foundation
🌐 Website: csoaf.org
📞 Phone: 917 216-5176",No Name + Never Donated,
Thornston Educational Fund,,4,24.705882352941178,Low,Healing Through Arts: NYC Schools,"Hello,

We're excited to invite you to join us as a sponsor of Healing Through Arts: NYC Schools, an unforgettable evening where art, music, and community come together to create lasting impact for NYC students.

[Insert banner image here]
""Students performing arts in NYC schools""

Why sponsor this event?

Direct community impact: Every sponsorship dollar funds arts healing programs in underserved NYC schools.

Exclusive engagement: Connect with city leaders, artists, and philanthropists at a vibrant evening of performances, wine tasting, and conversations.

🎭 Healing Through Arts: NYC Schools Benefit
📅 Monday, November 18, 2025 | 7:00 PM – 9:00 PM (doors open 6:30 PM)
📍 Rake Wine Bar (45 1st Ave, NYC)
🎟️ $35 per ticket
✨ Arts displays & live performances
🥂 Wine tasting & hors d'oeuvres
🤝 Meet fellow changemakers

Every ticket funds arts healing programs—attend to see how you can support further.

👉 [Get Your Ticket]

Corporate sponsors: Companies can also support, attend to learn more.

With gratitude,
Jameera Mahima Gujjarlapudi
Community School of Arts Foundation
🌐 Website: csoaf.org
📞 Phone: 917 216-5176",No Name + Never Donated,
Hispanic Scholarship Fund,,4,24.705882352941178,Low,Healing Through Arts: NYC Schools,"Hello,

We're excited to invite you to join us as a sponsor of Healing Through Arts: NYC Schools, an unforgettable evening where art, music, and community come together to create lasting impact for NYC students.

[Insert banner image here]
""Students performing arts in NYC schools""

Why sponsor this event?

Direct community impact: Every sponsorship dollar funds arts healing programs in underserved NYC schools.

Exclusive engagement: Connect with city leaders, artists, and philanthropists at a vibrant evening of performances, wine tasting, and conversations.

🎭 Healing Through Arts: NYC Schools Benefit
📅 Monday, November 18, 2025 | 7:00 PM – 9:00 PM (doors open 6:30 PM)
📍 Rake Wine Bar (45 1st Ave, NYC)
🎟️ $35 per ticket
✨ Arts displays & live performances
🥂 Wine tasting & hors d'oeuvres
🤝 Meet fellow changemakers

Every ticket funds arts healing programs—attend to see how you can support further.

👉 [Get Your Ticket]

Corporate sponsors: Companies can also support, attend to learn more.

With gratitude,
Jameera Mahima Gujjarlapudi
Community School of Arts Foundation
🌐 Website: csoaf.org
📞 Phone: 917 216-5176",No Name + Never Donated,
Almanor Scholarship Fund,,4,24.705882352941178,Low,Healing Through Arts: NYC Schools,"Hello,

We're excited to invite you to join us as a sponsor of Healing Through Arts: NYC Schools, an unforgettable evening where art, music, and community come together to create lasting impact for NYC students.

[Insert banner image here]
""Students performing arts in NYC schools""

Why sponsor this event?

Direct community impact: Every sponsorship dollar funds arts healing programs in underserved NYC schools.

Exclusive engagement: Connect with city leaders, artists, and philanthropists at a vibrant evening of performances, wine tasting, and conversations.

🎭 Healing Through Arts: NYC Schools Benefit
📅 Monday, November 18, 2025 | 7:00 PM – 9:00 PM (doors open 6:30 PM)
📍 Rake Wine Bar (45 1st Ave, NYC)
🎟️ $35 per ticket
✨ Arts displays & live performances
🥂 Wine tasting & hors d'oeuvres
🤝 Meet fellow changemakers

Every ticket funds arts healing programs—attend to see how you can support further.

👉 [Get Your Ticket]

Corporate sponsors: Companies can also support, attend to learn more.

With gratitude,
Jameera Mahima Gujjarlapudi
Community School of Arts Foundation
🌐 Website: csoaf.org
📞 Phone: 917 216-5176",No Name + Never Donated,
Islamic Scholarship Fund,,4,24.705882352941178,Low,Healing Through Arts: NYC Schools,"Hello,

We're excited to invite you to join us as a sponsor of Healing Through Arts: NYC Schools, an unforgettable evening where art, music, and community come together to create lasting impact for NYC students.

[Insert banner image here]
""Students performing arts in NYC schools""

Why sponsor this event?

Direct community impact: Every sponsorship dollar funds arts healing programs in underserved NYC schools.

Exclusive engagement: Connect with city leaders, artists, and philanthropists at a vibrant evening of performances, wine tasting, and conversations.

🎭 Healing Through Arts: NYC Schools Benefit
📅 Monday, November 18, 2025 | 7:00 PM – 9:00 PM (doors open 6:30 PM)
📍 Rake Wine Bar (45 1st Ave, NYC)
🎟️ $35 per ticket
✨ Arts displays & live performances
🥂 Wine tasting & hors d'oeuvres
🤝 Meet fellow changemakers

Every ticket funds arts healing programs—attend to see how you can support further.

👉 [Get Your Ticket]

Corporate sponsors: Companies can also support, attend to learn more.

With gratitude,
Jameera Mahima Gujjarlapudi
Community School of Arts Foundation
🌐 Website: csoaf.org
📞 Phone: 917 216-5176",No Name + Never Donated,
Iranian Scholarship Fund,,4,24.705882352941178,Low,Healing Through Arts: NYC Schools,"Hello,

We're excited to invite you to join us as a sponsor of Healing Through Arts: NYC Schools, an unforgettable evening where art, music, and community come together to create lasting impact for NYC students.

[Insert banner image here]
""Students performing arts in NYC schools""

Why sponsor this event?

Direct community impact: Every sponsorship dollar funds arts healing programs in underserved NYC schools.

Exclusive engagement: Connect with city leaders, artists, and philanthropists at a vibrant evening of performances, wine tasting, and conversations.

🎭 Healing Through Arts: NYC Schools Benefit
📅 Monday, November 18, 2025 | 7:00 PM – 9:00 PM (doors open 6:30 PM)
📍 Rake Wine Bar (45 1st Ave, NYC)
🎟️ $35 per ticket
✨ Arts displays & live performances
🥂 Wine tasting & hors d'oeuvres
🤝 Meet fellow changemakers

Every ticket funds arts healing programs—attend to see how you can support further.

👉 [Get Your Ticket]

Corporate sponsors: Companies can also support, attend to learn more.

With gratitude,
Jameera Mahima Gujjarlapudi
Community School of Arts Foundation
🌐 Website: csoaf.org
📞 Phone: 917 216-5176",No Name + Never Donated,
Croatian Scholarship Fund,,4,24.705882352941178,Low,Healing Through Arts: NYC Schools,"Hello,

We're excited to invite you to join us as a sponsor of Healing Through Arts: NYC Schools, an unforgettable evening where art, music, and community come together to create lasting impact for NYC students.

[Insert banner image here]
""Students performing arts in NYC schools""

Why sponsor this event?

Direct community impact: Every sponsorship dollar funds arts healing programs in underserved NYC schools.

Exclusive engagement: Connect with city leaders, artists, and philanthropists at a vibrant evening of performances, wine tasting, and conversations.

🎭 Healing Through Arts: NYC Schools Benefit
📅 Monday, November 18, 2025 | 7:00 PM – 9:00 PM (doors open 6:30 PM)
📍 Rake Wine Bar (45 1st Ave, NYC)
🎟️ $35 per ticket
✨ Arts displays & live performances
🥂 Wine tasting & hors d'oeuvres
🤝 Meet fellow changemakers

Every ticket funds arts healing programs—attend to see how you can support further.

👉 [Get Your Ticket]

Corporate sponsors: Companies can also support, attend to learn more.

With gratitude,
Jameera Mahima Gujjarlapudi
Community School of Arts Foundation
🌐 Website: csoaf.org
📞 Phone: 917 216-5176",No Name + Never Donated,
Social Impact Fund,,4,24.705882352941178,Low,Healing Through Arts: NYC Schools,"Hello,

We're excited to invite you to join us as a sponsor of Healing Through Arts: NYC Schools, an unforgettable evening where art, music, and community come together to create lasting impact for NYC students.

[Insert banner image here]
""Students performing arts in NYC schools""

Why sponsor this event?

Direct community impact: Every sponsorship dollar funds arts healing programs in underserved NYC schools.

Exclusive engagement: Connect with city leaders, artists, and philanthropists at a vibrant evening of performances, wine tasting, and conversations.

🎭 Healing Through Arts: NYC Schools Benefit
📅 Monday, November 18, 2025 | 7:00 PM – 9:00 PM (doors open 6:30 PM)
📍 Rake Wine Bar (45 1st Ave, NYC)
🎟️ $35 per ticket
✨ Arts displays & live performances
🥂 Wine tasting & hors d'oeuvres
🤝 Meet fellow changemakers

Every ticket funds arts healing programs—attend to see how you can support further.

👉 [Get Your Ticket]

Corporate sponsors: Companies can also support, attend to learn more.

With gratitude,
Jameera Mahima Gujjarlapudi
Community School of Arts Foundation
🌐 Website: csoaf.org
📞 Phone: 917 216-5176",No Name + Never Donated,
Cio Scholarship Fund,,4,24.705882352941178,Low,Healing Through Arts: NYC Schools,"Hello,

We're excited to invite you to join us as a sponsor of Healing Through Arts: NYC Schools, an unforgettable evening where art, music, and community come together to create lasting impact for NYC students.

[Insert banner image here]
""Students performing arts in NYC schools""

Why sponsor this event?

Direct community impact: Every sponsorship dollar funds arts healing programs in underserved NYC schools.

Exclusive engagement: Connect with city leaders, artists, and philanthropists at a vibrant evening of performances, wine tasting, and conversations.

🎭 Healing Through Arts: NYC Schools Benefit
📅 Monday, November 18, 2025 | 7:00 PM – 9:00 PM (doors open 6:30 PM)
📍 Rake Wine Bar (45 1st Ave, NYC)
🎟️ $35 per ticket
✨ Arts displays & live performances
🥂 Wine tasting & hors d'oeuvres
🤝 Meet fellow changemakers

Every ticket funds arts healing programs—attend to see how you can support further.

👉 [Get Your Ticket]

Corporate sponsors: Companies can also support, attend to learn more.

With gratitude,
Jameera Mahima Gujjarlapudi
Community School of Arts Foundation
🌐 Website: csoaf.org
📞 Phone: 917 216-5176",No Name + Never Donated,
Giving Tree Philanthropy Fund,,4,24.705882352941178,Low,Healing Through Arts: NYC Schools,"Hello,

We're excited to invite you to join us as a sponsor of Healing Through Arts: NYC Schools, an unforgettable evening where art, music, and community come together to create lasting impact for NYC students.

[Insert banner image here]
""Students performing arts in NYC schools""

Why sponsor this event?

Direct community impact: Every sponsorship dollar funds arts healing programs in underserved NYC schools.

Exclusive engagement: Connect with city leaders, artists, and philanthropists at a vibrant evening of performances, wine tasting, and conversations.

🎭 Healing Through Arts: NYC Schools Benefit
📅 Monday, November 18, 2025 | 7:00 PM – 9:00 PM (doors open 6:30 PM)
📍 Rake Wine Bar (45 1st Ave, NYC)
🎟️ $35 per ticket
✨ Arts displays & live performances
🥂 Wine tasting & hors d'oeuvres
🤝 Meet fellow changemakers

Every ticket funds arts healing programs—attend to see how you can support further.

👉 [Get Your Ticket]

Corporate sponsors: Companies can also support, attend to learn more.

With gratitude,
Jameera Mahima Gujjarlapudi
Community School of Arts Foundation
🌐 Website: csoaf.org
📞 Phone: 917 216-5176",No Name + Never Donated,
Mbd Compass One A Housing Development Fund Company Inc,,4,24.705882352941178,Low,Healing Through Arts: NYC Schools,"Hello,

We're excited to invite you to join us as a sponsor of Healing Through Arts: NYC Schools, an unforgettable evening where art, music, and community come together to create lasting impact for NYC students.

[Insert banner image here]
""Students performing arts in NYC schools""

Why sponsor this event?

Direct community impact: Every sponsorship dollar funds arts healing programs in underserved NYC schools.

Exclusive engagement: Connect with city leaders, artists, and philanthropists at a vibrant evening of performances, wine tasting, and conversations.

🎭 Healing Through Arts: NYC Schools Benefit
📅 Monday, November 18, 2025 | 7:00 PM – 9:00 PM (doors open 6:30 PM)
📍 Rake Wine Bar (45 1st Ave, NYC)
🎟️ $35 per ticket
✨ Arts displays & live performances
🥂 Wine tasting & hors d'oeuvres
🤝 Meet fellow changemakers

Every ticket funds arts healing programs—attend to see how you can support further.

👉 [Get Your Ticket]

Corporate sponsors: Companies can also support, attend to learn more.

With gratitude,
Jameera Mahima Gujjarlapudi
Community School of Arts Foundation
🌐 Website: csoaf.org
📞 Phone: 917 216-5176",No Name + Never Donated,
Sava Educational Fund,,4,24.705882352941178,Low,Healing Through Arts: NYC Schools,"Hello,

We're excited to invite you to join us as a sponsor of Healing Through Arts: NYC Schools, an unforgettable evening where art, music, and community come together to create lasting impact for NYC students.

[Insert banner image here]
""Students performing arts in NYC schools""

Why sponsor this event?

Direct community impact: Every sponsorship dollar funds arts healing programs in underserved NYC schools.

Exclusive engagement: Connect with city leaders, artists, and philanthropists at a vibrant evening of performances, wine tasting, and conversations.

🎭 Healing Through Arts: NYC Schools Benefit
📅 Monday, November 18, 2025 | 7:00 PM – 9:00 PM (doors open 6:30 PM)
📍 Rake Wine Bar (45 1st Ave, NYC)
🎟️ $35 per ticket
✨ Arts displays & live performances
🥂 Wine tasting & hors d'oeuvres
🤝 Meet fellow changemakers

Every ticket funds arts healing programs—attend to see how you can support further.

👉 [Get Your Ticket]

Corporate sponsors: Companies can also support, attend to learn more.

With gratitude,
Jameera Mahima Gujjarlapudi
Community School of Arts Foundation
🌐 Website: csoaf.org
📞 Phone: 917 216-5176",No Name + Never Donated,
Navigation Charitable Fund,,4,24.705882352941178,Low,Healing Through Arts: NYC Schools,"Hello,

We're excited to invite you to join us as a sponsor of Healing Through Arts: NYC Schools, an unforgettable evening where art, music, and community come together to create lasting impact for NYC students.

[Insert banner image here]
""Students performing arts in NYC schools""

Why sponsor this event?

Direct community impact: Every sponsorship dollar funds arts healing programs in underserved NYC schools.

Exclusive engagement: Connect with city leaders, artists, and philanthropists at a vibrant evening of performances, wine tasting, and conversations.

🎭 Healing Through Arts: NYC Schools Benefit
📅 Monday, November 18, 2025 | 7:00 PM – 9:00 PM (doors open 6:30 PM)
📍 Rake Wine Bar (45 1st Ave, NYC)
🎟️ $35 per ticket
✨ Arts displays & live performances
🥂 Wine tasting & hors d'oeuvres
🤝 Meet fellow changemakers

Every ticket funds arts healing programs—attend to see how you can support further.

👉 [Get Your Ticket]

Corporate sponsors: Companies can also support, attend to learn more.

With gratitude,
Jameera Mahima Gujjarlapudi
Community School of Arts Foundation
🌐 Website: csoaf.org
📞 Phone: 917 216-5176",No Name + Never Donated,
Daffy Charitable Fund,,4,24.705882352941178,Low,Healing Through Arts: NYC Schools,"Hello,

We're excited to invite you to join us as a sponsor of Healing Through Arts: NYC Schools, an unforgettable evening where art, music, and community come together to create lasting impact for NYC students.

[Insert banner image here]
""Students performing arts in NYC schools""

Why sponsor this event?

Direct community impact: Every sponsorship dollar funds arts healing programs in underserved NYC schools.

Exclusive engagement: Connect with city leaders, artists, and philanthropists at a vibrant evening of performances, wine tasting, and conversations.

🎭 Healing Through Arts: NYC Schools Benefit
📅 Monday, November 18, 2025 | 7:00 PM – 9:00 PM (doors open 6:30 PM)
📍 Rake Wine Bar (45 1st Ave, NYC)
🎟️ $35 per ticket
✨ Arts displays & live performances
🥂 Wine tasting & hors d'oeuvres
🤝 Meet fellow changemakers

Every ticket funds arts healing programs—attend to see how you can support further.

👉 [Get Your Ticket]

Corporate sponsors: Companies can also support, attend to learn more.

With gratitude,
Jameera Mahima Gujjarlapudi
Community School of Arts Foundation
🌐 Website: csoaf.org
📞 Phone: 917 216-5176",No Name + Never Donated,
Corporate Fund For Housing,,4,24.705882352941178,Low,Healing Through Arts: NYC Schools,"Hello,

We're excited to invite you to join us as a sponsor of Healing Through Arts: NYC Schools, an unforgettable evening where art, music, and community come together to create lasting impact for NYC students.

[Insert banner image here]
""Students performing arts in NYC schools""

Why sponsor this event?

Direct community impact: Every sponsorship dollar funds arts healing programs in underserved NYC schools.

Exclusive engagement: Connect with city leaders, artists, and philanthropists at a vibrant evening of performances, wine tasting, and conversations.

🎭 Healing Through Arts: NYC Schools Benefit
📅 Monday, November 18, 2025 | 7:00 PM – 9:00 PM (doors open 6:30 PM)
📍 Rake Wine Bar (45 1st Ave, NYC)
🎟️ $35 per ticket
✨ Arts displays & live performances
🥂 Wine tasting & hors d'oeuvres
🤝 Meet fellow changemakers

Every ticket funds arts healing programs—attend to see how you can support further.

👉 [Get Your Ticket]

Corporate sponsors: Companies can also support, attend to learn more.

With gratitude,
Jameera Mahima Gujjarlapudi
Community School of Arts Foundation
🌐 Website: csoaf.org
📞 Phone: 917 216-5176",No Name + Never Donated,
Stars Scholarship Fund,,4,24.705882352941178,Low,Healing Through Arts: NYC Schools,"Hello,

We're excited to invite you to join us as a sponsor of Healing Through Arts: NYC Schools, an unforgettable evening where art, music, and community come together to create lasting impact for NYC students.

[Insert banner image here]
""Students performing arts in NYC schools""

Why sponsor this event?

Direct community impact: Every sponsorship dollar funds arts healing programs in underserved NYC schools.

Exclusive engagement: Connect with city leaders, artists, and philanthropists at a vibrant evening of performances, wine tasting, and conversations.

🎭 Healing Through Arts: NYC Schools Benefit
📅 Monday, November 18, 2025 | 7:00 PM – 9:00 PM (doors open 6:30 PM)
📍 Rake Wine Bar (45 1st Ave, NYC)
🎟️ $35 per ticket
✨ Arts displays & live performances
🥂 Wine tasting & hors d'oeuvres
🤝 Meet fellow changemakers

Every ticket funds arts healing programs—attend to see how you can support further.

👉 [Get Your Ticket]

Corporate sponsors: Companies can also support, attend to learn more.

With gratitude,
Jameera Mahima Gujjarlapudi
Community School of Arts Foundation
🌐 Website: csoaf.org
📞 Phone: 917 216-5176",No Name + Never Donated,
Poncin Scholarship Fund,,4,24.705882352941178,Low,Healing Through Arts: NYC Schools,"Hello,

We're excited to invite you to join us as a sponsor of Healing Through Arts: NYC Schools, an unforgettable evening where art, music, and community come together to create lasting impact for NYC students.

[Insert banner image here]
""Students performing arts in NYC schools""

Why sponsor this event?

Direct community impact: Every sponsorship dollar funds arts healing programs in underserved NYC schools.

Exclusive engagement: Connect with city leaders, artists, and philanthropists at a vibrant evening of performances, wine tasting, and conversations.

🎭 Healing Through Arts: NYC Schools Benefit
📅 Monday, November 18, 2025 | 7:00 PM – 9:00 PM (doors open 6:30 PM)
📍 Rake Wine Bar (45 1st Ave, NYC)
🎟️ $35 per ticket
✨ Arts displays & live performances
🥂 Wine tasting & hors d'oeuvres
🤝 Meet fellow changemakers

Every ticket funds arts healing programs—attend to see how you can support further.

👉 [Get Your Ticket]

Corporate sponsors: Companies can also support, attend to learn more.

With gratitude,
Jameera Mahima Gujjarlapudi
Community School of Arts Foundation
🌐 Website: csoaf.org
📞 Phone: 917 216-5176",No Name + Never Donated,
701 National City Boulevard Fund,,4,24.705882352941178,Low,Healing Through Arts: NYC Schools,"Hello,

We're excited to invite you to join us as a sponsor of Healing Through Arts: NYC Schools, an unforgettable evening where art, music, and community come together to create lasting impact for NYC students.

[Insert banner image here]
""Students performing arts in NYC schools""

Why sponsor this event?

Direct community impact: Every sponsorship dollar funds arts healing programs in underserved NYC schools.

Exclusive engagement: Connect with city leaders, artists, and philanthropists at a vibrant evening of performances, wine tasting, and conversations.

🎭 Healing Through Arts: NYC Schools Benefit
📅 Monday, November 18, 2025 | 7:00 PM – 9:00 PM (doors open 6:30 PM)
📍 Rake Wine Bar (45 1st Ave, NYC)
🎟️ $35 per ticket
✨ Arts displays & live performances
🥂 Wine tasting & hors d'oeuvres
🤝 Meet fellow changemakers

Every ticket funds arts healing programs—attend to see how you can support further.

👉 [Get Your Ticket]

Corporate sponsors: Companies can also support, attend to learn more.

With gratitude,
Jameera Mahima Gujjarlapudi
Community School of Arts Foundation
🌐 Website: csoaf.org
📞 Phone: 917 216-5176",No Name + Never Donated,
Smith Educational Fund,,4,24.705882352941178,Low,Healing Through Arts: NYC Schools,"Hello,

We're excited to invite you to join us as a sponsor of Healing Through Arts: NYC Schools, an unforgettable evening where art, music, and community come together to create lasting impact for NYC students.

[Insert banner image here]
""Students performing arts in NYC schools""

Why sponsor this event?

Direct community impact: Every sponsorship dollar funds arts healing programs in underserved NYC schools.

Exclusive engagement: Connect with city leaders, artists, and philanthropists at a vibrant evening of performances, wine tasting, and conversations.

🎭 Healing Through Arts: NYC Schools Benefit
📅 Monday, November 18, 2025 | 7:00 PM – 9:00 PM (doors open 6:30 PM)
📍 Rake Wine Bar (45 1st Ave, NYC)
🎟️ $35 per ticket
✨ Arts displays & live performances
🥂 Wine tasting & hors d'oeuvres
🤝 Meet fellow changemakers

Every ticket funds arts healing programs—attend to see how you can support further.

👉 [Get Your Ticket]

Corporate sponsors: Companies can also support, attend to learn more.

With gratitude,
Jameera Mahima Gujjarlapudi
Community School of Arts Foundation
🌐 Website: csoaf.org
📞 Phone: 917 216-5176",No Name + Never Donated,
Worthings Scholarship Fund,,4,24.705882352941178,Low,Healing Through Arts: NYC Schools,"Hello,

We're excited to invite you to join us as a sponsor of Healing Through Arts: NYC Schools, an unforgettable evening where art, music, and community come together to create lasting impact for NYC students.

[Insert banner image here]
""Students performing arts in NYC schools""

Why sponsor this event?

Direct community impact: Every sponsorship dollar funds arts healing programs in underserved NYC schools.

Exclusive engagement: Connect with city leaders, artists, and philanthropists at a vibrant evening of performances, wine tasting, and conversations.

🎭 Healing Through Arts: NYC Schools Benefit
📅 Monday, November 18, 2025 | 7:00 PM – 9:00 PM (doors open 6:30 PM)
📍 Rake Wine Bar (45 1st Ave, NYC)
🎟️ $35 per ticket
✨ Arts displays & live performances
🥂 Wine tasting & hors d'oeuvres
🤝 Meet fellow changemakers

Every ticket funds arts healing programs—attend to see how you can support further.

👉 [Get Your Ticket]

Corporate sponsors: Companies can also support, attend to learn more.

With gratitude,
Jameera Mahima Gujjarlapudi
Community School of Arts Foundation
🌐 Website: csoaf.org
📞 Phone: 917 216-5176",No Name + Never Donated,
Eog Scholarship Fund,,4,24.705882352941178,Low,Healing Through Arts: NYC Schools,"Hello,

We're excited to invite you to join us as a sponsor of Healing Through Arts: NYC Schools, an unforgettable evening where art, music, and community come together to create lasting impact for NYC students.

[Insert banner image here]
""Students performing arts in NYC schools""

Why sponsor this event?

Direct community impact: Every sponsorship dollar funds arts healing programs in underserved NYC schools.

Exclusive engagement: Connect with city leaders, artists, and philanthropists at a vibrant evening of performances, wine tasting, and conversations.

🎭 Healing Through Arts: NYC Schools Benefit
📅 Monday, November 18, 2025 | 7:00 PM – 9:00 PM (doors open 6:30 PM)
📍 Rake Wine Bar (45 1st Ave, NYC)
🎟️ $35 per ticket
✨ Arts displays & live performances
🥂 Wine tasting & hors d'oeuvres
🤝 Meet fellow changemakers

Every ticket funds arts healing programs—attend to see how you can support further.

👉 [Get Your Ticket]

Corporate sponsors: Companies can also support, attend to learn more.

With gratitude,
Jameera Mahima Gujjarlapudi
Community School of Arts Foundation
🌐 Website: csoaf.org
📞 Phone: 917 216-5176",No Name + Never Donated,
Liftfund Inc,,4,24.705882352941178,Low,Healing Through Arts: NYC Schools,"Hello,

We're excited to invite you to join us as a sponsor of Healing Through Arts: NYC Schools, an unforgettable evening where art, music, and community come together to create lasting impact for NYC students.

[Insert banner image here]
""Students performing arts in NYC schools""

Why sponsor this event?

Direct community impact: Every sponsorship dollar funds arts healing programs in underserved NYC schools.

Exclusive engagement: Connect with city leaders, artists, and philanthropists at a vibrant evening of performances, wine tasting, and conversations.

🎭 Healing Through Arts: NYC Schools Benefit
📅 Monday, November 18, 2025 | 7:00 PM – 9:00 PM (doors open 6:30 PM)
📍 Rake Wine Bar (45 1st Ave, NYC)
🎟️ $35 per ticket
✨ Arts displays & live performances
🥂 Wine tasting & hors d'oeuvres
🤝 Meet fellow changemakers

Every ticket funds arts healing programs—attend to see how you can support further.

👉 [Get Your Ticket]

Corporate sponsors: Companies can also support, attend to learn more.

With gratitude,
Jameera Mahima Gujjarlapudi
Community School of Arts Foundation
🌐 Website: csoaf.org
📞 Phone: 917 216-5176",No Name + Never Donated,
Beehivefund Corporation,,4,24.705882352941178,Low,Healing Through Arts: NYC Schools,"Hello,

We're excited to invite you to join us as a sponsor of Healing Through Arts: NYC Schools, an unforgettable evening where art, music, and community come together to create lasting impact for NYC students.

[Insert banner image here]
""Students performing arts in NYC schools""

Why sponsor this event?

Direct community impact: Every sponsorship dollar funds arts healing programs in underserved NYC schools.

Exclusive engagement: Connect with city leaders, artists, and philanthropists at a vibrant evening of performances, wine tasting, and conversations.

🎭 Healing Through Arts: NYC Schools Benefit
📅 Monday, November 18, 2025 | 7:00 PM – 9:00 PM (doors open 6:30 PM)
📍 Rake Wine Bar (45 1st Ave, NYC)
🎟️ $35 per ticket
✨ Arts displays & live performances
🥂 Wine tasting & hors d'oeuvres
🤝 Meet fellow changemakers

Every ticket funds arts healing programs—attend to see how you can support further.

👉 [Get Your Ticket]

Corporate sponsors: Companies can also support, attend to learn more.

With gratitude,
Jameera Mahima Gujjarlapudi
Community School of Arts Foundation
🌐 Website: csoaf.org
📞 Phone: 917 216-5176",No Name + Never Donated,
Medina Healthcare Fund,,4,24.705882352941178,Low,Healing Through Arts: NYC Schools,"Hello,

We're excited to invite you to join us as a sponsor of Healing Through Arts: NYC Schools, an unforgettable evening where art, music, and community come together to create lasting impact for NYC students.

[Insert banner image here]
""Students performing arts in NYC schools""

Why sponsor this event?

Direct community impact: Every sponsorship dollar funds arts healing programs in underserved NYC schools.

Exclusive engagement: Connect with city leaders, artists, and philanthropists at a vibrant evening of performances, wine tasting, and conversations.

🎭 Healing Through Arts: NYC Schools Benefit
📅 Monday, November 18, 2025 | 7:00 PM – 9:00 PM (doors open 6:30 PM)
📍 Rake Wine Bar (45 1st Ave, NYC)
🎟️ $35 per ticket
✨ Arts displays & live performances
🥂 Wine tasting & hors d'oeuvres
🤝 Meet fellow changemakers

Every ticket funds arts healing programs—attend to see how you can support further.

👉 [Get Your Ticket]

Corporate sponsors: Companies can also support, attend to learn more.

With gratitude,
Jameera Mahima Gujjarlapudi
Community School of Arts Foundation
🌐 Website: csoaf.org
📞 Phone: 917 216-5176",No Name + Never Donated,
Bwi Scholarship Fund,,4,24.705882352941178,Low,Healing Through Arts: NYC Schools,"Hello,

We're excited to invite you to join us as a sponsor of Healing Through Arts: NYC Schools, an unforgettable evening where art, music, and community come together to create lasting impact for NYC students.

[Insert banner image here]
""Students performing arts in NYC schools""

Why sponsor this event?

Direct community impact: Every sponsorship dollar funds arts healing programs in underserved NYC schools.

Exclusive engagement: Connect with city leaders, artists, and philanthropists at a vibrant evening of performances, wine tasting, and conversations.

🎭 Healing Through Arts: NYC Schools Benefit
📅 Monday, November 18, 2025 | 7:00 PM – 9:00 PM (doors open 6:30 PM)
📍 Rake Wine Bar (45 1st Ave, NYC)
🎟️ $35 per ticket
✨ Arts displays & live performances
🥂 Wine tasting & hors d'oeuvres
🤝 Meet fellow changemakers

Every ticket funds arts healing programs—attend to see how you can support further.

👉 [Get Your Ticket]

Corporate sponsors: Companies can also support, attend to learn more.

With gratitude,
Jameera Mahima Gujjarlapudi
Community School of Arts Foundation
🌐 Website: csoaf.org
📞 Phone: 917 216-5176",No Name + Never Donated,
Tsrhc Scholarship Fund,,4,24.705882352941178,Low,Healing Through Arts: NYC Schools,"Hello,

We're excited to invite you to join us as a sponsor of Healing Through Arts: NYC Schools, an unforgettable evening where art, music, and community come together to create lasting impact for NYC students.

[Insert banner image here]
""Students performing arts in NYC schools""

Why sponsor this event?

Direct community impact: Every sponsorship dollar funds arts healing programs in underserved NYC schools.

Exclusive engagement: Connect with city leaders, artists, and philanthropists at a vibrant evening of performances, wine tasting, and conversations.

🎭 Healing Through Arts: NYC Schools Benefit
📅 Monday, November 18, 2025 | 7:00 PM – 9:00 PM (doors open 6:30 PM)
📍 Rake Wine Bar (45 1st Ave, NYC)
🎟️ $35 per ticket
✨ Arts displays & live performances
🥂 Wine tasting & hors d'oeuvres
🤝 Meet fellow changemakers

Every ticket funds arts healing programs—attend to see how you can support further.

👉 [Get Your Ticket]

Corporate sponsors: Companies can also support, attend to learn more.

With gratitude,
Jameera Mahima Gujjarlapudi
Community School of Arts Foundation
🌐 Website: csoaf.org
📞 Phone: 917 216-5176",No Name + Never Donated,
Swapa Scholarship Fund,,4,24.705882352941178,Low,Healing Through Arts: NYC Schools,"Hello,

We're excited to invite you to join us as a sponsor of Healing Through Arts: NYC Schools, an unforgettable evening where art, music, and community come together to create lasting impact for NYC students.

[Insert banner image here]
""Students performing arts in NYC schools""

Why sponsor this event?

Direct community impact: Every sponsorship dollar funds arts healing programs in underserved NYC schools.

Exclusive engagement: Connect with city leaders, artists, and philanthropists at a vibrant evening of performances, wine tasting, and conversations.

🎭 Healing Through Arts: NYC Schools Benefit
📅 Monday, November 18, 2025 | 7:00 PM – 9:00 PM (doors open 6:30 PM)
📍 Rake Wine Bar (45 1st Ave, NYC)
🎟️ $35 per ticket
✨ Arts displays & live performances
🥂 Wine tasting & hors d'oeuvres
🤝 Meet fellow changemakers

Every ticket funds arts healing programs—attend to see how you can support further.

👉 [Get Your Ticket]

Corporate sponsors: Companies can also support, attend to learn more.

With gratitude,
Jameera Mahima Gujjarlapudi
Community School of Arts Foundation
🌐 Website: csoaf.org
📞 Phone: 917 216-5176",No Name + Never Donated,
Philadelphia Cultural Fund Inc,,4,24.705882352941178,Low,Healing Through Arts: NYC Schools,"Hello,

We're excited to invite you to join us as a sponsor of Healing Through Arts: NYC Schools, an unforgettable evening where art, music, and community come together to create lasting impact for NYC students.

[Insert banner image here]
""Students performing arts in NYC schools""

Why sponsor this event?

Direct community impact: Every sponsorship dollar funds arts healing programs in underserved NYC schools.

Exclusive engagement: Connect with city leaders, artists, and philanthropists at a vibrant evening of performances, wine tasting, and conversations.

🎭 Healing Through Arts: NYC Schools Benefit
📅 Monday, November 18, 2025 | 7:00 PM – 9:00 PM (doors open 6:30 PM)
📍 Rake Wine Bar (45 1st Ave, NYC)
🎟️ $35 per ticket
✨ Arts displays & live performances
🥂 Wine tasting & hors d'oeuvres
🤝 Meet fellow changemakers

Every ticket funds arts healing programs—attend to see how you can support further.

👉 [Get Your Ticket]

Corporate sponsors: Companies can also support, attend to learn more.

With gratitude,
Jameera Mahima Gujjarlapudi
Community School of Arts Foundation
🌐 Website: csoaf.org
📞 Phone: 917 216-5176",No Name + Never Donated,
Fauquier Scholarship Fund,,4,24.705882352941178,Low,Healing Through Arts: NYC Schools,"Hello,

We're excited to invite you to join us as a sponsor of Healing Through Arts: NYC Schools, an unforgettable evening where art, music, and community come together to create lasting impact for NYC students.

[Insert banner image here]
""Students performing arts in NYC schools""

Why sponsor this event?

Direct community impact: Every sponsorship dollar funds arts healing programs in underserved NYC schools.

Exclusive engagement: Connect with city leaders, artists, and philanthropists at a vibrant evening of performances, wine tasting, and conversations.

🎭 Healing Through Arts: NYC Schools Benefit
📅 Monday, November 18, 2025 | 7:00 PM – 9:00 PM (doors open 6:30 PM)
📍 Rake Wine Bar (45 1st Ave, NYC)
🎟️ $35 per ticket
✨ Arts displays & live performances
🥂 Wine tasting & hors d'oeuvres
🤝 Meet fellow changemakers

Every ticket funds arts healing programs—attend to see how you can support further.

👉 [Get Your Ticket]

Corporate sponsors: Companies can also support, attend to learn more.

With gratitude,
Jameera Mahima Gujjarlapudi
Community School of Arts Foundation
🌐 Website: csoaf.org
📞 Phone: 917 216-5176",No Name + Never Donated,
Her Scholarship Fund,,4,24.705882352941178,Low,Healing Through Arts: NYC Schools,"Hello,

We're excited to invite you to join us as a sponsor of Healing Through Arts: NYC Schools, an unforgettable evening where art, music, and community come together to create lasting impact for NYC students.

[Insert banner image here]
""Students performing arts in NYC schools""

Why sponsor this event?

Direct community impact: Every sponsorship dollar funds arts healing programs in underserved NYC schools.

Exclusive engagement: Connect with city leaders, artists, and philanthropists at a vibrant evening of performances, wine tasting, and conversations.

🎭 Healing Through Arts: NYC Schools Benefit
📅 Monday, November 18, 2025 | 7:00 PM – 9:00 PM (doors open 6:30 PM)
📍 Rake Wine Bar (45 1st Ave, NYC)
🎟️ $35 per ticket
✨ Arts displays & live performances
🥂 Wine tasting & hors d'oeuvres
🤝 Meet fellow changemakers

Every ticket funds arts healing programs—attend to see how you can support further.

👉 [Get Your Ticket]

Corporate sponsors: Companies can also support, attend to learn more.

With gratitude,
Jameera Mahima Gujjarlapudi
Community School of Arts Foundation
🌐 Website: csoaf.org
📞 Phone: 917 216-5176",No Name + Never Donated,
Valencia I Williams Scholarship Fund,,4,24.705882352941178,Low,Healing Through Arts: NYC Schools,"Hello,

We're excited to invite you to join us as a sponsor of Healing Through Arts: NYC Schools, an unforgettable evening where art, music, and community come together to create lasting impact for NYC students.

[Insert banner image here]
""Students performing arts in NYC schools""

Why sponsor this event?

Direct community impact: Every sponsorship dollar funds arts healing programs in underserved NYC schools.

Exclusive engagement: Connect with city leaders, artists, and philanthropists at a vibrant evening of performances, wine tasting, and conversations.

🎭 Healing Through Arts: NYC Schools Benefit
📅 Monday, November 18, 2025 | 7:00 PM – 9:00 PM (doors open 6:30 PM)
📍 Rake Wine Bar (45 1st Ave, NYC)
🎟️ $35 per ticket
✨ Arts displays & live performances
🥂 Wine tasting & hors d'oeuvres
🤝 Meet fellow changemakers

Every ticket funds arts healing programs—attend to see how you can support further.

👉 [Get Your Ticket]

Corporate sponsors: Companies can also support, attend to learn more.

With gratitude,
Jameera Mahima Gujjarlapudi
Community School of Arts Foundation
🌐 Website: csoaf.org
📞 Phone: 917 216-5176",No Name + Never Donated,
Sfbaa Charity Fund,,4,24.705882352941178,Low,Healing Through Arts: NYC Schools,"Hello,

We're excited to invite you to join us as a sponsor of Healing Through Arts: NYC Schools, an unforgettable evening where art, music, and community come together to create lasting impact for NYC students.

[Insert banner image here]
""Students performing arts in NYC schools""

Why sponsor this event?

Direct community impact: Every sponsorship dollar funds arts healing programs in underserved NYC schools.

Exclusive engagement: Connect with city leaders, artists, and philanthropists at a vibrant evening of performances, wine tasting, and conversations.

🎭 Healing Through Arts: NYC Schools Benefit
📅 Monday, November 18, 2025 | 7:00 PM – 9:00 PM (doors open 6:30 PM)
📍 Rake Wine Bar (45 1st Ave, NYC)
🎟️ $35 per ticket
✨ Arts displays & live performances
🥂 Wine tasting & hors d'oeuvres
🤝 Meet fellow changemakers

Every ticket funds arts healing programs—attend to see how you can support further.

👉 [Get Your Ticket]

Corporate sponsors: Companies can also support, attend to learn more.

With gratitude,
Jameera Mahima Gujjarlapudi
Community School of Arts Foundation
🌐 Website: csoaf.org
📞 Phone: 917 216-5176",No Name + Never Donated,
Kazilionis Charitable Fund,,4,24.705882352941178,Low,Healing Through Arts: NYC Schools,"Hello,

We're excited to invite you to join us as a sponsor of Healing Through Arts: NYC Schools, an unforgettable evening where art, music, and community come together to create lasting impact for NYC students.

[Insert banner image here]
""Students performing arts in NYC schools""

Why sponsor this event?

Direct community impact: Every sponsorship dollar funds arts healing programs in underserved NYC schools.

Exclusive engagement: Connect with city leaders, artists, and philanthropists at a vibrant evening of performances, wine tasting, and conversations.

🎭 Healing Through Arts: NYC Schools Benefit
📅 Monday, November 18, 2025 | 7:00 PM – 9:00 PM (doors open 6:30 PM)
📍 Rake Wine Bar (45 1st Ave, NYC)
🎟️ $35 per ticket
✨ Arts displays & live performances
🥂 Wine tasting & hors d'oeuvres
🤝 Meet fellow changemakers

Every ticket funds arts healing programs—attend to see how you can support further.

👉 [Get Your Ticket]

Corporate sponsors: Companies can also support, attend to learn more.

With gratitude,
Jameera Mahima Gujjarlapudi
Community School of Arts Foundation
🌐 Website: csoaf.org
📞 Phone: 917 216-5176",No Name + Never Donated,
Global Student Fund,,4,24.705882352941178,Low,Healing Through Arts: NYC Schools,"Hello,

We're excited to invite you to join us as a sponsor of Healing Through Arts: NYC Schools, an unforgettable evening where art, music, and community come together to create lasting impact for NYC students.

[Insert banner image here]
""Students performing arts in NYC schools""

Why sponsor this event?

Direct community impact: Every sponsorship dollar funds arts healing programs in underserved NYC schools.

Exclusive engagement: Connect with city leaders, artists, and philanthropists at a vibrant evening of performances, wine tasting, and conversations.

🎭 Healing Through Arts: NYC Schools Benefit
📅 Monday, November 18, 2025 | 7:00 PM – 9:00 PM (doors open 6:30 PM)
📍 Rake Wine Bar (45 1st Ave, NYC)
🎟️ $35 per ticket
✨ Arts displays & live performances
🥂 Wine tasting & hors d'oeuvres
🤝 Meet fellow changemakers

Every ticket funds arts healing programs—attend to see how you can support further.

👉 [Get Your Ticket]

Corporate sponsors: Companies can also support, attend to learn more.

With gratitude,
Jameera Mahima Gujjarlapudi
Community School of Arts Foundation
🌐 Website: csoaf.org
📞 Phone: 917 216-5176",No Name + Never Donated,
Public Library Endowment Fund,,4,24.705882352941178,Low,Healing Through Arts: NYC Schools,"Hello,

We're excited to invite you to join us as a sponsor of Healing Through Arts: NYC Schools, an unforgettable evening where art, music, and community come together to create lasting impact for NYC students.

[Insert banner image here]
""Students performing arts in NYC schools""

Why sponsor this event?

Direct community impact: Every sponsorship dollar funds arts healing programs in underserved NYC schools.

Exclusive engagement: Connect with city leaders, artists, and philanthropists at a vibrant evening of performances, wine tasting, and conversations.

🎭 Healing Through Arts: NYC Schools Benefit
📅 Monday, November 18, 2025 | 7:00 PM – 9:00 PM (doors open 6:30 PM)
📍 Rake Wine Bar (45 1st Ave, NYC)
🎟️ $35 per ticket
✨ Arts displays & live performances
🥂 Wine tasting & hors d'oeuvres
🤝 Meet fellow changemakers

Every ticket funds arts healing programs—attend to see how you can support further.

👉 [Get Your Ticket]

Corporate sponsors: Companies can also support, attend to learn more.

With gratitude,
Jameera Mahima Gujjarlapudi
Community School of Arts Foundation
🌐 Website: csoaf.org
📞 Phone: 917 216-5176",No Name + Never Donated,
Business Funding Foundation,,4,24.705882352941178,Low,Healing Through Arts: NYC Schools,"Hello,

We're excited to invite you to join us as a sponsor of Healing Through Arts: NYC Schools, an unforgettable evening where art, music, and community come together to create lasting impact for NYC students.

[Insert banner image here]
""Students performing arts in NYC schools""

Why sponsor this event?

Direct community impact: Every sponsorship dollar funds arts healing programs in underserved NYC schools.

Exclusive engagement: Connect with city leaders, artists, and philanthropists at a vibrant evening of performances, wine tasting, and conversations.

🎭 Healing Through Arts: NYC Schools Benefit
📅 Monday, November 18, 2025 | 7:00 PM – 9:00 PM (doors open 6:30 PM)
📍 Rake Wine Bar (45 1st Ave, NYC)
🎟️ $35 per ticket
✨ Arts displays & live performances
🥂 Wine tasting & hors d'oeuvres
🤝 Meet fellow changemakers

Every ticket funds arts healing programs—attend to see how you can support further.

👉 [Get Your Ticket]

Corporate sponsors: Companies can also support, attend to learn more.

With gratitude,
Jameera Mahima Gujjarlapudi
Community School of Arts Foundation
🌐 Website: csoaf.org
📞 Phone: 917 216-5176",No Name + Never Donated,
Braman Philanthropic Fund,,4,24.705882352941178,Low,Healing Through Arts: NYC Schools,"Hello,

We're excited to invite you to join us as a sponsor of Healing Through Arts: NYC Schools, an unforgettable evening where art, music, and community come together to create lasting impact for NYC students.

[Insert banner image here]
""Students performing arts in NYC schools""

Why sponsor this event?

Direct community impact: Every sponsorship dollar funds arts healing programs in underserved NYC schools.

Exclusive engagement: Connect with city leaders, artists, and philanthropists at a vibrant evening of performances, wine tasting, and conversations.

🎭 Healing Through Arts: NYC Schools Benefit
📅 Monday, November 18, 2025 | 7:00 PM – 9:00 PM (doors open 6:30 PM)
📍 Rake Wine Bar (45 1st Ave, NYC)
🎟️ $35 per ticket
✨ Arts displays & live performances
🥂 Wine tasting & hors d'oeuvres
🤝 Meet fellow changemakers

Every ticket funds arts healing programs—attend to see how you can support further.

👉 [Get Your Ticket]

Corporate sponsors: Companies can also support, attend to learn more.

With gratitude,
Jameera Mahima Gujjarlapudi
Community School of Arts Foundation
🌐 Website: csoaf.org
📞 Phone: 917 216-5176",No Name + Never Donated,
Cultural Enrichment Fund,,4,24.705882352941178,Low,Healing Through Arts: NYC Schools,"Hello,

We're excited to invite you to join us as a sponsor of Healing Through Arts: NYC Schools, an unforgettable evening where art, music, and community come together to create lasting impact for NYC students.

[Insert banner image here]
""Students performing arts in NYC schools""

Why sponsor this event?

Direct community impact: Every sponsorship dollar funds arts healing programs in underserved NYC schools.

Exclusive engagement: Connect with city leaders, artists, and philanthropists at a vibrant evening of performances, wine tasting, and conversations.

🎭 Healing Through Arts: NYC Schools Benefit
📅 Monday, November 18, 2025 | 7:00 PM – 9:00 PM (doors open 6:30 PM)
📍 Rake Wine Bar (45 1st Ave, NYC)
🎟️ $35 per ticket
✨ Arts displays & live performances
🥂 Wine tasting & hors d'oeuvres
🤝 Meet fellow changemakers

Every ticket funds arts healing programs—attend to see how you can support further.

👉 [Get Your Ticket]

Corporate sponsors: Companies can also support, attend to learn more.

With gratitude,
Jameera Mahima Gujjarlapudi
Community School of Arts Foundation
🌐 Website: csoaf.org
📞 Phone: 917 216-5176",No Name + Never Donated,
National Guild For Community Arts Education Inc,,4,17.058823529411768,Low,Healing Through Arts: NYC Schools,"Hello,

We're excited to invite you to join us as a sponsor of Healing Through Arts: NYC Schools, an unforgettable evening where art, music, and community come together to create lasting impact for NYC students.

[Insert banner image here]
""Students performing arts in NYC schools""

Why sponsor this event?

Direct community impact: Every sponsorship dollar funds arts healing programs in underserved NYC schools.

Exclusive engagement: Connect with city leaders, artists, and philanthropists at a vibrant evening of performances, wine tasting, and conversations.

🎭 Healing Through Arts: NYC Schools Benefit
📅 Monday, November 18, 2025 | 7:00 PM – 9:00 PM (doors open 6:30 PM)
📍 Rake Wine Bar (45 1st Ave, NYC)
🎟️ $35 per ticket
✨ Arts displays & live performances
🥂 Wine tasting & hors d'oeuvres
🤝 Meet fellow changemakers

Every ticket funds arts healing programs—attend to see how you can support further.

👉 [Get Your Ticket]

Corporate sponsors: Companies can also support, attend to learn more.

With gratitude,
Jameera Mahima Gujjarlapudi
Community School of Arts Foundation
🌐 Website: csoaf.org
📞 Phone: 917 216-5176",No Name + Never Donated,
Sacramento Community Education & Arts,,2,17.058823529411768,Low,"Sacramento, Healing Through Arts: NYC Schools","Hi Sacramento,

We're excited to invite you to join us as a sponsor of Healing Through Arts: NYC Schools, an unforgettable evening where art, music, and community come together to create lasting impact for NYC students.

[Insert banner image here]
""Students performing arts in NYC schools""

Why sponsor this event?

Direct community impact: Every sponsorship dollar funds arts healing programs in underserved NYC schools.

Exclusive engagement: Connect with city leaders, artists, and philanthropists at a vibrant evening of performances, wine tasting, and conversations.

🎭 Healing Through Arts: NYC Schools Benefit
📅 Monday, November 18, 2025 | 7:00 PM – 9:00 PM (doors open 6:30 PM)
📍 Rake Wine Bar (45 1st Ave, NYC)
🎟️ $35 per ticket
✨ Arts displays & live performances
🥂 Wine tasting & hors d'oeuvres
🤝 Meet fellow changemakers

Every ticket funds arts healing programs—attend to see how you can support further.

👉 [Get Your Ticket]

Corporate sponsors: Companies can also support, attend to learn more.

With gratitude,
Jameera Mahima Gujjarlapudi
Community School of Arts Foundation
🌐 Website: csoaf.org
📞 Phone: 917 216-5176",Has Name + Never Donated,Sacramento
Arts In Motion Community Youth Theatre/Arts Education Inc,,4,17.058823529411768,Low,Healing Through Arts: NYC Schools,"Hello,

We're excited to invite you to join us as a sponsor of Healing Through Arts: NYC Schools, an unforgettable evening where art, music, and community come together to create lasting impact for NYC students.

[Insert banner image here]
""Students performing arts in NYC schools""

Why sponsor this event?

Direct community impact: Every sponsorship dollar funds arts healing programs in underserved NYC schools.

Exclusive engagement: Connect with city leaders, artists, and philanthropists at a vibrant evening of performances, wine tasting, and conversations.

🎭 Healing Through Arts: NYC Schools Benefit
📅 Monday, November 18, 2025 | 7:00 PM – 9:00 PM (doors open 6:30 PM)
📍 Rake Wine Bar (45 1st Ave, NYC)
🎟️ $35 per ticket
✨ Arts displays & live performances
🥂 Wine tasting & hors d'oeuvres
🤝 Meet fellow changemakers

Every ticket funds arts healing programs—attend to see how you can support further.

👉 [Get Your Ticket]

Corporate sponsors: Companies can also support, attend to learn more.

With gratitude,
Jameera Mahima Gujjarlapudi
Community School of Arts Foundation
🌐 Website: csoaf.org
📞 Phone: 917 216-5176",No Name + Never Donated,
Spartsburg Community Foundation,,4,17.058823529411768,Low,Healing Through Arts: NYC Schools,"Hello,

We're excited to invite you to join us as a sponsor of Healing Through Arts: NYC Schools, an unforgettable evening where art, music, and community come together to create lasting impact for NYC students.

[Insert banner image here]
""Students performing arts in NYC schools""

Why sponsor this event?

Direct community impact: Every sponsorship dollar funds arts healing programs in underserved NYC schools.

Exclusive engagement: Connect with city leaders, artists, and philanthropists at a vibrant evening of performances, wine tasting, and conversations.

🎭 Healing Through Arts: NYC Schools Benefit
📅 Monday, November 18, 2025 | 7:00 PM – 9:00 PM (doors open 6:30 PM)
📍 Rake Wine Bar (45 1st Ave, NYC)
🎟️ $35 per ticket
✨ Arts displays & live performances
🥂 Wine tasting & hors d'oeuvres
🤝 Meet fellow changemakers

Every ticket funds arts healing programs—attend to see how you can support further.

👉 [Get Your Ticket]

Corporate sponsors: Companies can also support, attend to learn more.

With gratitude,
Jameera Mahima Gujjarlapudi
Community School of Arts Foundation
🌐 Website: csoaf.org
📞 Phone: 917 216-5176",No Name + Never Donated,
Gathering Place For Community Arts And Education,,2,17.058823529411768,Low,"Gathering, Healing Through Arts: NYC Schools","Hi Gathering,

We're excited to invite you to join us as a sponsor of Healing Through Arts: NYC Schools, an unforgettable evening where art, music, and community come together to create lasting impact for NYC students.

[Insert banner image here]
""Students performing arts in NYC schools""

Why sponsor this event?

Direct community impact: Every sponsorship dollar funds arts healing programs in underserved NYC schools.

Exclusive engagement: Connect with city leaders, artists, and philanthropists at a vibrant evening of performances, wine tasting, and conversations.

🎭 Healing Through Arts: NYC Schools Benefit
📅 Monday, November 18, 2025 | 7:00 PM – 9:00 PM (doors open 6:30 PM)
📍 Rake Wine Bar (45 1st Ave, NYC)
🎟️ $35 per ticket
✨ Arts displays & live performances
🥂 Wine tasting & hors d'oeuvres
🤝 Meet fellow changemakers

Every ticket funds arts healing programs—attend to see how you can support further.

👉 [Get Your Ticket]

Corporate sponsors: Companies can also support, attend to learn more.

With gratitude,
Jameera Mahima Gujjarlapudi
Community School of Arts Foundation
🌐 Website: csoaf.org
📞 Phone: 917 216-5176",Has Name + Never Donated,Gathering
