sponsor_name,city,state,email,website,template_number,template_type,first_name_used,email_subject,email_content,campaign_status,generated_date
Imagine Performing Arts Fund,Dalton,PA,,,4,No Name + Never Donated,,Healing Through Arts: NYC Schools,"Hello,

We're excited to invite you to join us as a sponsor of Healing Through Arts: NYC Schools, an unforgettable evening where art, music, and community come together to create lasting impact for NYC students.

[Insert banner image here]
""Students performing arts in NYC schools""

Why sponsor this event?

Direct community impact: Every sponsorship dollar funds arts healing programs in underserved NYC schools.

Exclusive engagement: Connect with city leaders, artists, and philanthropists at a vibrant evening of performances, wine tasting, and conversations.

🎭 Healing Through Arts: NYC Schools Benefit
📅 Monday, November 18, 2025 | 7:00 PM – 9:00 PM (doors open 6:30 PM)
📍 Rake Wine Bar (45 1st Ave, NYC)
🎟️ $35 per ticket
✨ Arts displays & live performances
🥂 Wine tasting & hors d'oeuvres
🤝 Meet fellow changemakers

Every ticket funds arts healing programs—attend to see how you can support further.

👉 [Get Your Ticket]

Corporate sponsors: Companies can also support, attend to learn more.

With gratitude,
Jameera Mahima Gujjarlapudi
Community School of Arts Foundation
🌐 Website: csoaf.org
📞 Phone: 917 216-5176",ready_to_send,2025-10-22 15:56:07
Arts Equity & Education Fund,Newtown Sq,PA,,,4,No Name + Never Donated,,Healing Through Arts: NYC Schools,"Hello,

We're excited to invite you to join us as a sponsor of Healing Through Arts: NYC Schools, an unforgettable evening where art, music, and community come together to create lasting impact for NYC students.

[Insert banner image here]
""Students performing arts in NYC schools""

Why sponsor this event?

Direct community impact: Every sponsorship dollar funds arts healing programs in underserved NYC schools.

Exclusive engagement: Connect with city leaders, artists, and philanthropists at a vibrant evening of performances, wine tasting, and conversations.

🎭 Healing Through Arts: NYC Schools Benefit
📅 Monday, November 18, 2025 | 7:00 PM – 9:00 PM (doors open 6:30 PM)
📍 Rake Wine Bar (45 1st Ave, NYC)
🎟️ $35 per ticket
✨ Arts displays & live performances
🥂 Wine tasting & hors d'oeuvres
🤝 Meet fellow changemakers

Every ticket funds arts healing programs—attend to see how you can support further.

👉 [Get Your Ticket]

Corporate sponsors: Companies can also support, attend to learn more.

With gratitude,
Jameera Mahima Gujjarlapudi
Community School of Arts Foundation
🌐 Website: csoaf.org
📞 Phone: 917 216-5176",ready_to_send,2025-10-22 15:56:07
Public Employees Federation Public Employees Benefits Fund,Albany,NY,,,4,No Name + Never Donated,,Healing Through Arts: NYC Schools,"Hello,

We're excited to invite you to join us as a sponsor of Healing Through Arts: NYC Schools, an unforgettable evening where art, music, and community come together to create lasting impact for NYC students.

[Insert banner image here]
""Students performing arts in NYC schools""

Why sponsor this event?

Direct community impact: Every sponsorship dollar funds arts healing programs in underserved NYC schools.

Exclusive engagement: Connect with city leaders, artists, and philanthropists at a vibrant evening of performances, wine tasting, and conversations.

🎭 Healing Through Arts: NYC Schools Benefit
📅 Monday, November 18, 2025 | 7:00 PM – 9:00 PM (doors open 6:30 PM)
📍 Rake Wine Bar (45 1st Ave, NYC)
🎟️ $35 per ticket
✨ Arts displays & live performances
🥂 Wine tasting & hors d'oeuvres
🤝 Meet fellow changemakers

Every ticket funds arts healing programs—attend to see how you can support further.

👉 [Get Your Ticket]

Corporate sponsors: Companies can also support, attend to learn more.

With gratitude,
Jameera Mahima Gujjarlapudi
Community School of Arts Foundation
🌐 Website: csoaf.org
📞 Phone: 917 216-5176",ready_to_send,2025-10-22 15:56:07
Artis Contemporary Israeli Art Fund Inc,New York,NY,,,4,No Name + Never Donated,,Healing Through Arts: NYC Schools,"Hello,

We're excited to invite you to join us as a sponsor of Healing Through Arts: NYC Schools, an unforgettable evening where art, music, and community come together to create lasting impact for NYC students.

[Insert banner image here]
""Students performing arts in NYC schools""

Why sponsor this event?

Direct community impact: Every sponsorship dollar funds arts healing programs in underserved NYC schools.

Exclusive engagement: Connect with city leaders, artists, and philanthropists at a vibrant evening of performances, wine tasting, and conversations.

🎭 Healing Through Arts: NYC Schools Benefit
📅 Monday, November 18, 2025 | 7:00 PM – 9:00 PM (doors open 6:30 PM)
📍 Rake Wine Bar (45 1st Ave, NYC)
🎟️ $35 per ticket
✨ Arts displays & live performances
🥂 Wine tasting & hors d'oeuvres
🤝 Meet fellow changemakers

Every ticket funds arts healing programs—attend to see how you can support further.

👉 [Get Your Ticket]

Corporate sponsors: Companies can also support, attend to learn more.

With gratitude,
Jameera Mahima Gujjarlapudi
Community School of Arts Foundation
🌐 Website: csoaf.org
📞 Phone: 917 216-5176",ready_to_send,2025-10-22 15:56:07
Cannon Educational Fund,Buffalo,NY,,,4,No Name + Never Donated,,Healing Through Arts: NYC Schools,"Hello,

We're excited to invite you to join us as a sponsor of Healing Through Arts: NYC Schools, an unforgettable evening where art, music, and community come together to create lasting impact for NYC students.

[Insert banner image here]
""Students performing arts in NYC schools""

Why sponsor this event?

Direct community impact: Every sponsorship dollar funds arts healing programs in underserved NYC schools.

Exclusive engagement: Connect with city leaders, artists, and philanthropists at a vibrant evening of performances, wine tasting, and conversations.

🎭 Healing Through Arts: NYC Schools Benefit
📅 Monday, November 18, 2025 | 7:00 PM – 9:00 PM (doors open 6:30 PM)
📍 Rake Wine Bar (45 1st Ave, NYC)
🎟️ $35 per ticket
✨ Arts displays & live performances
🥂 Wine tasting & hors d'oeuvres
🤝 Meet fellow changemakers

Every ticket funds arts healing programs—attend to see how you can support further.

👉 [Get Your Ticket]

Corporate sponsors: Companies can also support, attend to learn more.

With gratitude,
Jameera Mahima Gujjarlapudi
Community School of Arts Foundation
🌐 Website: csoaf.org
📞 Phone: 917 216-5176",ready_to_send,2025-10-22 15:56:07
Supermajority Education Fund,New York,NY,,,4,No Name + Never Donated,,Healing Through Arts: NYC Schools,"Hello,

We're excited to invite you to join us as a sponsor of Healing Through Arts: NYC Schools, an unforgettable evening where art, music, and community come together to create lasting impact for NYC students.

[Insert banner image here]
""Students performing arts in NYC schools""

Why sponsor this event?

Direct community impact: Every sponsorship dollar funds arts healing programs in underserved NYC schools.

Exclusive engagement: Connect with city leaders, artists, and philanthropists at a vibrant evening of performances, wine tasting, and conversations.

🎭 Healing Through Arts: NYC Schools Benefit
📅 Monday, November 18, 2025 | 7:00 PM – 9:00 PM (doors open 6:30 PM)
📍 Rake Wine Bar (45 1st Ave, NYC)
🎟️ $35 per ticket
✨ Arts displays & live performances
🥂 Wine tasting & hors d'oeuvres
🤝 Meet fellow changemakers

Every ticket funds arts healing programs—attend to see how you can support further.

👉 [Get Your Ticket]

Corporate sponsors: Companies can also support, attend to learn more.

With gratitude,
Jameera Mahima Gujjarlapudi
Community School of Arts Foundation
🌐 Website: csoaf.org
📞 Phone: 917 216-5176",ready_to_send,2025-10-22 15:56:07
Food Education Fund,New York,NY,,,4,No Name + Never Donated,,Healing Through Arts: NYC Schools,"Hello,

We're excited to invite you to join us as a sponsor of Healing Through Arts: NYC Schools, an unforgettable evening where art, music, and community come together to create lasting impact for NYC students.

[Insert banner image here]
""Students performing arts in NYC schools""

Why sponsor this event?

Direct community impact: Every sponsorship dollar funds arts healing programs in underserved NYC schools.

Exclusive engagement: Connect with city leaders, artists, and philanthropists at a vibrant evening of performances, wine tasting, and conversations.

🎭 Healing Through Arts: NYC Schools Benefit
📅 Monday, November 18, 2025 | 7:00 PM – 9:00 PM (doors open 6:30 PM)
📍 Rake Wine Bar (45 1st Ave, NYC)
🎟️ $35 per ticket
✨ Arts displays & live performances
🥂 Wine tasting & hors d'oeuvres
🤝 Meet fellow changemakers

Every ticket funds arts healing programs—attend to see how you can support further.

👉 [Get Your Ticket]

Corporate sponsors: Companies can also support, attend to learn more.

With gratitude,
Jameera Mahima Gujjarlapudi
Community School of Arts Foundation
🌐 Website: csoaf.org
📞 Phone: 917 216-5176",ready_to_send,2025-10-22 15:56:07
Kenya Education Fund,New York,NY,,,4,No Name + Never Donated,,Healing Through Arts: NYC Schools,"Hello,

We're excited to invite you to join us as a sponsor of Healing Through Arts: NYC Schools, an unforgettable evening where art, music, and community come together to create lasting impact for NYC students.

[Insert banner image here]
""Students performing arts in NYC schools""

Why sponsor this event?

Direct community impact: Every sponsorship dollar funds arts healing programs in underserved NYC schools.

Exclusive engagement: Connect with city leaders, artists, and philanthropists at a vibrant evening of performances, wine tasting, and conversations.

🎭 Healing Through Arts: NYC Schools Benefit
📅 Monday, November 18, 2025 | 7:00 PM – 9:00 PM (doors open 6:30 PM)
📍 Rake Wine Bar (45 1st Ave, NYC)
🎟️ $35 per ticket
✨ Arts displays & live performances
🥂 Wine tasting & hors d'oeuvres
🤝 Meet fellow changemakers

Every ticket funds arts healing programs—attend to see how you can support further.

👉 [Get Your Ticket]

Corporate sponsors: Companies can also support, attend to learn more.

With gratitude,
Jameera Mahima Gujjarlapudi
Community School of Arts Foundation
🌐 Website: csoaf.org
📞 Phone: 917 216-5176",ready_to_send,2025-10-22 15:56:07
Giving Beck Fund,Ormond Beach,FL,,,4,No Name + Never Donated,,Healing Through Arts: NYC Schools,"Hello,

We're excited to invite you to join us as a sponsor of Healing Through Arts: NYC Schools, an unforgettable evening where art, music, and community come together to create lasting impact for NYC students.

[Insert banner image here]
""Students performing arts in NYC schools""

Why sponsor this event?

Direct community impact: Every sponsorship dollar funds arts healing programs in underserved NYC schools.

Exclusive engagement: Connect with city leaders, artists, and philanthropists at a vibrant evening of performances, wine tasting, and conversations.

🎭 Healing Through Arts: NYC Schools Benefit
📅 Monday, November 18, 2025 | 7:00 PM – 9:00 PM (doors open 6:30 PM)
📍 Rake Wine Bar (45 1st Ave, NYC)
🎟️ $35 per ticket
✨ Arts displays & live performances
🥂 Wine tasting & hors d'oeuvres
🤝 Meet fellow changemakers

Every ticket funds arts healing programs—attend to see how you can support further.

👉 [Get Your Ticket]

Corporate sponsors: Companies can also support, attend to learn more.

With gratitude,
Jameera Mahima Gujjarlapudi
Community School of Arts Foundation
🌐 Website: csoaf.org
📞 Phone: 917 216-5176",ready_to_send,2025-10-22 15:56:07
Gescheidt Educational Fund,Pleasantville,NY,,,4,No Name + Never Donated,,Healing Through Arts: NYC Schools,"Hello,

We're excited to invite you to join us as a sponsor of Healing Through Arts: NYC Schools, an unforgettable evening where art, music, and community come together to create lasting impact for NYC students.

[Insert banner image here]
""Students performing arts in NYC schools""

Why sponsor this event?

Direct community impact: Every sponsorship dollar funds arts healing programs in underserved NYC schools.

Exclusive engagement: Connect with city leaders, artists, and philanthropists at a vibrant evening of performances, wine tasting, and conversations.

🎭 Healing Through Arts: NYC Schools Benefit
📅 Monday, November 18, 2025 | 7:00 PM – 9:00 PM (doors open 6:30 PM)
📍 Rake Wine Bar (45 1st Ave, NYC)
🎟️ $35 per ticket
✨ Arts displays & live performances
🥂 Wine tasting & hors d'oeuvres
🤝 Meet fellow changemakers

Every ticket funds arts healing programs—attend to see how you can support further.

👉 [Get Your Ticket]

Corporate sponsors: Companies can also support, attend to learn more.

With gratitude,
Jameera Mahima Gujjarlapudi
Community School of Arts Foundation
🌐 Website: csoaf.org
📞 Phone: 917 216-5176",ready_to_send,2025-10-22 15:56:07
Map Educational Fund,New York,NY,,,4,No Name + Never Donated,,Healing Through Arts: NYC Schools,"Hello,

We're excited to invite you to join us as a sponsor of Healing Through Arts: NYC Schools, an unforgettable evening where art, music, and community come together to create lasting impact for NYC students.

[Insert banner image here]
""Students performing arts in NYC schools""

Why sponsor this event?

Direct community impact: Every sponsorship dollar funds arts healing programs in underserved NYC schools.

Exclusive engagement: Connect with city leaders, artists, and philanthropists at a vibrant evening of performances, wine tasting, and conversations.

🎭 Healing Through Arts: NYC Schools Benefit
📅 Monday, November 18, 2025 | 7:00 PM – 9:00 PM (doors open 6:30 PM)
📍 Rake Wine Bar (45 1st Ave, NYC)
🎟️ $35 per ticket
✨ Arts displays & live performances
🥂 Wine tasting & hors d'oeuvres
🤝 Meet fellow changemakers

Every ticket funds arts healing programs—attend to see how you can support further.

👉 [Get Your Ticket]

Corporate sponsors: Companies can also support, attend to learn more.

With gratitude,
Jameera Mahima Gujjarlapudi
Community School of Arts Foundation
🌐 Website: csoaf.org
📞 Phone: 917 216-5176",ready_to_send,2025-10-22 15:56:07
Sba Scholarship Fund,New York,NY,,,4,No Name + Never Donated,,Healing Through Arts: NYC Schools,"Hello,

We're excited to invite you to join us as a sponsor of Healing Through Arts: NYC Schools, an unforgettable evening where art, music, and community come together to create lasting impact for NYC students.

[Insert banner image here]
""Students performing arts in NYC schools""

Why sponsor this event?

Direct community impact: Every sponsorship dollar funds arts healing programs in underserved NYC schools.

Exclusive engagement: Connect with city leaders, artists, and philanthropists at a vibrant evening of performances, wine tasting, and conversations.

🎭 Healing Through Arts: NYC Schools Benefit
📅 Monday, November 18, 2025 | 7:00 PM – 9:00 PM (doors open 6:30 PM)
📍 Rake Wine Bar (45 1st Ave, NYC)
🎟️ $35 per ticket
✨ Arts displays & live performances
🥂 Wine tasting & hors d'oeuvres
🤝 Meet fellow changemakers

Every ticket funds arts healing programs—attend to see how you can support further.

👉 [Get Your Ticket]

Corporate sponsors: Companies can also support, attend to learn more.

With gratitude,
Jameera Mahima Gujjarlapudi
Community School of Arts Foundation
🌐 Website: csoaf.org
📞 Phone: 917 216-5176",ready_to_send,2025-10-22 15:56:07
Beatitude Scholarship Fund,Sprngfld Gdns,NY,,,4,No Name + Never Donated,,Healing Through Arts: NYC Schools,"Hello,

We're excited to invite you to join us as a sponsor of Healing Through Arts: NYC Schools, an unforgettable evening where art, music, and community come together to create lasting impact for NYC students.

[Insert banner image here]
""Students performing arts in NYC schools""

Why sponsor this event?

Direct community impact: Every sponsorship dollar funds arts healing programs in underserved NYC schools.

Exclusive engagement: Connect with city leaders, artists, and philanthropists at a vibrant evening of performances, wine tasting, and conversations.

🎭 Healing Through Arts: NYC Schools Benefit
📅 Monday, November 18, 2025 | 7:00 PM – 9:00 PM (doors open 6:30 PM)
📍 Rake Wine Bar (45 1st Ave, NYC)
🎟️ $35 per ticket
✨ Arts displays & live performances
🥂 Wine tasting & hors d'oeuvres
🤝 Meet fellow changemakers

Every ticket funds arts healing programs—attend to see how you can support further.

👉 [Get Your Ticket]

Corporate sponsors: Companies can also support, attend to learn more.

With gratitude,
Jameera Mahima Gujjarlapudi
Community School of Arts Foundation
🌐 Website: csoaf.org
📞 Phone: 917 216-5176",ready_to_send,2025-10-22 15:56:07
Flavin Scholarship Fund,Rochester,NY,,,4,No Name + Never Donated,,Healing Through Arts: NYC Schools,"Hello,

We're excited to invite you to join us as a sponsor of Healing Through Arts: NYC Schools, an unforgettable evening where art, music, and community come together to create lasting impact for NYC students.

[Insert banner image here]
""Students performing arts in NYC schools""

Why sponsor this event?

Direct community impact: Every sponsorship dollar funds arts healing programs in underserved NYC schools.

Exclusive engagement: Connect with city leaders, artists, and philanthropists at a vibrant evening of performances, wine tasting, and conversations.

🎭 Healing Through Arts: NYC Schools Benefit
📅 Monday, November 18, 2025 | 7:00 PM – 9:00 PM (doors open 6:30 PM)
📍 Rake Wine Bar (45 1st Ave, NYC)
🎟️ $35 per ticket
✨ Arts displays & live performances
🥂 Wine tasting & hors d'oeuvres
🤝 Meet fellow changemakers

Every ticket funds arts healing programs—attend to see how you can support further.

👉 [Get Your Ticket]

Corporate sponsors: Companies can also support, attend to learn more.

With gratitude,
Jameera Mahima Gujjarlapudi
Community School of Arts Foundation
🌐 Website: csoaf.org
📞 Phone: 917 216-5176",ready_to_send,2025-10-22 15:56:07
Asum Scholarship Fund,Bronx,NY,,,4,No Name + Never Donated,,Healing Through Arts: NYC Schools,"Hello,

We're excited to invite you to join us as a sponsor of Healing Through Arts: NYC Schools, an unforgettable evening where art, music, and community come together to create lasting impact for NYC students.

[Insert banner image here]
""Students performing arts in NYC schools""

Why sponsor this event?

Direct community impact: Every sponsorship dollar funds arts healing programs in underserved NYC schools.

Exclusive engagement: Connect with city leaders, artists, and philanthropists at a vibrant evening of performances, wine tasting, and conversations.

🎭 Healing Through Arts: NYC Schools Benefit
📅 Monday, November 18, 2025 | 7:00 PM – 9:00 PM (doors open 6:30 PM)
📍 Rake Wine Bar (45 1st Ave, NYC)
🎟️ $35 per ticket
✨ Arts displays & live performances
🥂 Wine tasting & hors d'oeuvres
🤝 Meet fellow changemakers

Every ticket funds arts healing programs—attend to see how you can support further.

👉 [Get Your Ticket]

Corporate sponsors: Companies can also support, attend to learn more.

With gratitude,
Jameera Mahima Gujjarlapudi
Community School of Arts Foundation
🌐 Website: csoaf.org
📞 Phone: 917 216-5176",ready_to_send,2025-10-22 15:56:07
Adb Scholarship Fund,Binghamton,NY,,,4,No Name + Never Donated,,Healing Through Arts: NYC Schools,"Hello,

We're excited to invite you to join us as a sponsor of Healing Through Arts: NYC Schools, an unforgettable evening where art, music, and community come together to create lasting impact for NYC students.

[Insert banner image here]
""Students performing arts in NYC schools""

Why sponsor this event?

Direct community impact: Every sponsorship dollar funds arts healing programs in underserved NYC schools.

Exclusive engagement: Connect with city leaders, artists, and philanthropists at a vibrant evening of performances, wine tasting, and conversations.

🎭 Healing Through Arts: NYC Schools Benefit
📅 Monday, November 18, 2025 | 7:00 PM – 9:00 PM (doors open 6:30 PM)
📍 Rake Wine Bar (45 1st Ave, NYC)
🎟️ $35 per ticket
✨ Arts displays & live performances
🥂 Wine tasting & hors d'oeuvres
🤝 Meet fellow changemakers

Every ticket funds arts healing programs—attend to see how you can support further.

👉 [Get Your Ticket]

Corporate sponsors: Companies can also support, attend to learn more.

With gratitude,
Jameera Mahima Gujjarlapudi
Community School of Arts Foundation
🌐 Website: csoaf.org
📞 Phone: 917 216-5176",ready_to_send,2025-10-22 15:56:07
Nonprofit Finance Fund,New York,NY,,,4,No Name + Never Donated,,Healing Through Arts: NYC Schools,"Hello,

We're excited to invite you to join us as a sponsor of Healing Through Arts: NYC Schools, an unforgettable evening where art, music, and community come together to create lasting impact for NYC students.

[Insert banner image here]
""Students performing arts in NYC schools""

Why sponsor this event?

Direct community impact: Every sponsorship dollar funds arts healing programs in underserved NYC schools.

Exclusive engagement: Connect with city leaders, artists, and philanthropists at a vibrant evening of performances, wine tasting, and conversations.

🎭 Healing Through Arts: NYC Schools Benefit
📅 Monday, November 18, 2025 | 7:00 PM – 9:00 PM (doors open 6:30 PM)
📍 Rake Wine Bar (45 1st Ave, NYC)
🎟️ $35 per ticket
✨ Arts displays & live performances
🥂 Wine tasting & hors d'oeuvres
🤝 Meet fellow changemakers

Every ticket funds arts healing programs—attend to see how you can support further.

👉 [Get Your Ticket]

Corporate sponsors: Companies can also support, attend to learn more.

With gratitude,
Jameera Mahima Gujjarlapudi
Community School of Arts Foundation
🌐 Website: csoaf.org
📞 Phone: 917 216-5176",ready_to_send,2025-10-22 15:56:07
Bunting Charity Lodge Charity Fund Inc,New York,NY,,,4,No Name + Never Donated,,Healing Through Arts: NYC Schools,"Hello,

We're excited to invite you to join us as a sponsor of Healing Through Arts: NYC Schools, an unforgettable evening where art, music, and community come together to create lasting impact for NYC students.

[Insert banner image here]
""Students performing arts in NYC schools""

Why sponsor this event?

Direct community impact: Every sponsorship dollar funds arts healing programs in underserved NYC schools.

Exclusive engagement: Connect with city leaders, artists, and philanthropists at a vibrant evening of performances, wine tasting, and conversations.

🎭 Healing Through Arts: NYC Schools Benefit
📅 Monday, November 18, 2025 | 7:00 PM – 9:00 PM (doors open 6:30 PM)
📍 Rake Wine Bar (45 1st Ave, NYC)
🎟️ $35 per ticket
✨ Arts displays & live performances
🥂 Wine tasting & hors d'oeuvres
🤝 Meet fellow changemakers

Every ticket funds arts healing programs—attend to see how you can support further.

👉 [Get Your Ticket]

Corporate sponsors: Companies can also support, attend to learn more.

With gratitude,
Jameera Mahima Gujjarlapudi
Community School of Arts Foundation
🌐 Website: csoaf.org
📞 Phone: 917 216-5176",ready_to_send,2025-10-22 15:56:07
Wellspring Charity Fund,Brooklyn,NY,,,4,No Name + Never Donated,,Healing Through Arts: NYC Schools,"Hello,

We're excited to invite you to join us as a sponsor of Healing Through Arts: NYC Schools, an unforgettable evening where art, music, and community come together to create lasting impact for NYC students.

[Insert banner image here]
""Students performing arts in NYC schools""

Why sponsor this event?

Direct community impact: Every sponsorship dollar funds arts healing programs in underserved NYC schools.

Exclusive engagement: Connect with city leaders, artists, and philanthropists at a vibrant evening of performances, wine tasting, and conversations.

🎭 Healing Through Arts: NYC Schools Benefit
📅 Monday, November 18, 2025 | 7:00 PM – 9:00 PM (doors open 6:30 PM)
📍 Rake Wine Bar (45 1st Ave, NYC)
🎟️ $35 per ticket
✨ Arts displays & live performances
🥂 Wine tasting & hors d'oeuvres
🤝 Meet fellow changemakers

Every ticket funds arts healing programs—attend to see how you can support further.

👉 [Get Your Ticket]

Corporate sponsors: Companies can also support, attend to learn more.

With gratitude,
Jameera Mahima Gujjarlapudi
Community School of Arts Foundation
🌐 Website: csoaf.org
📞 Phone: 917 216-5176",ready_to_send,2025-10-22 15:56:07
Bjls Charity Fund,Suffern,NY,,,4,No Name + Never Donated,,Healing Through Arts: NYC Schools,"Hello,

We're excited to invite you to join us as a sponsor of Healing Through Arts: NYC Schools, an unforgettable evening where art, music, and community come together to create lasting impact for NYC students.

[Insert banner image here]
""Students performing arts in NYC schools""

Why sponsor this event?

Direct community impact: Every sponsorship dollar funds arts healing programs in underserved NYC schools.

Exclusive engagement: Connect with city leaders, artists, and philanthropists at a vibrant evening of performances, wine tasting, and conversations.

🎭 Healing Through Arts: NYC Schools Benefit
📅 Monday, November 18, 2025 | 7:00 PM – 9:00 PM (doors open 6:30 PM)
📍 Rake Wine Bar (45 1st Ave, NYC)
🎟️ $35 per ticket
✨ Arts displays & live performances
🥂 Wine tasting & hors d'oeuvres
🤝 Meet fellow changemakers

Every ticket funds arts healing programs—attend to see how you can support further.

👉 [Get Your Ticket]

Corporate sponsors: Companies can also support, attend to learn more.

With gratitude,
Jameera Mahima Gujjarlapudi
Community School of Arts Foundation
🌐 Website: csoaf.org
📞 Phone: 917 216-5176",ready_to_send,2025-10-22 15:56:07
Lorber Charitable Fund,Jericho,NY,,,4,No Name + Never Donated,,Healing Through Arts: NYC Schools,"Hello,

We're excited to invite you to join us as a sponsor of Healing Through Arts: NYC Schools, an unforgettable evening where art, music, and community come together to create lasting impact for NYC students.

[Insert banner image here]
""Students performing arts in NYC schools""

Why sponsor this event?

Direct community impact: Every sponsorship dollar funds arts healing programs in underserved NYC schools.

Exclusive engagement: Connect with city leaders, artists, and philanthropists at a vibrant evening of performances, wine tasting, and conversations.

🎭 Healing Through Arts: NYC Schools Benefit
📅 Monday, November 18, 2025 | 7:00 PM – 9:00 PM (doors open 6:30 PM)
📍 Rake Wine Bar (45 1st Ave, NYC)
🎟️ $35 per ticket
✨ Arts displays & live performances
🥂 Wine tasting & hors d'oeuvres
🤝 Meet fellow changemakers

Every ticket funds arts healing programs—attend to see how you can support further.

👉 [Get Your Ticket]

Corporate sponsors: Companies can also support, attend to learn more.

With gratitude,
Jameera Mahima Gujjarlapudi
Community School of Arts Foundation
🌐 Website: csoaf.org
📞 Phone: 917 216-5176",ready_to_send,2025-10-22 15:56:07
Turkish Philanthropy Funds Inc,New York,NY,,,4,No Name + Never Donated,,Healing Through Arts: NYC Schools,"Hello,

We're excited to invite you to join us as a sponsor of Healing Through Arts: NYC Schools, an unforgettable evening where art, music, and community come together to create lasting impact for NYC students.

[Insert banner image here]
""Students performing arts in NYC schools""

Why sponsor this event?

Direct community impact: Every sponsorship dollar funds arts healing programs in underserved NYC schools.

Exclusive engagement: Connect with city leaders, artists, and philanthropists at a vibrant evening of performances, wine tasting, and conversations.

🎭 Healing Through Arts: NYC Schools Benefit
📅 Monday, November 18, 2025 | 7:00 PM – 9:00 PM (doors open 6:30 PM)
📍 Rake Wine Bar (45 1st Ave, NYC)
🎟️ $35 per ticket
✨ Arts displays & live performances
🥂 Wine tasting & hors d'oeuvres
🤝 Meet fellow changemakers

Every ticket funds arts healing programs—attend to see how you can support further.

👉 [Get Your Ticket]

Corporate sponsors: Companies can also support, attend to learn more.

With gratitude,
Jameera Mahima Gujjarlapudi
Community School of Arts Foundation
🌐 Website: csoaf.org
📞 Phone: 917 216-5176",ready_to_send,2025-10-22 15:56:07
Oceanside Scholarship Fund,Oceanside,NY,,,4,No Name + Never Donated,,Healing Through Arts: NYC Schools,"Hello,

We're excited to invite you to join us as a sponsor of Healing Through Arts: NYC Schools, an unforgettable evening where art, music, and community come together to create lasting impact for NYC students.

[Insert banner image here]
""Students performing arts in NYC schools""

Why sponsor this event?

Direct community impact: Every sponsorship dollar funds arts healing programs in underserved NYC schools.

Exclusive engagement: Connect with city leaders, artists, and philanthropists at a vibrant evening of performances, wine tasting, and conversations.

🎭 Healing Through Arts: NYC Schools Benefit
📅 Monday, November 18, 2025 | 7:00 PM – 9:00 PM (doors open 6:30 PM)
📍 Rake Wine Bar (45 1st Ave, NYC)
🎟️ $35 per ticket
✨ Arts displays & live performances
🥂 Wine tasting & hors d'oeuvres
🤝 Meet fellow changemakers

Every ticket funds arts healing programs—attend to see how you can support further.

👉 [Get Your Ticket]

Corporate sponsors: Companies can also support, attend to learn more.

With gratitude,
Jameera Mahima Gujjarlapudi
Community School of Arts Foundation
🌐 Website: csoaf.org
📞 Phone: 917 216-5176",ready_to_send,2025-10-22 15:56:07
Civic Involvement Fund,Brooklyn,NY,,,4,No Name + Never Donated,,Healing Through Arts: NYC Schools,"Hello,

We're excited to invite you to join us as a sponsor of Healing Through Arts: NYC Schools, an unforgettable evening where art, music, and community come together to create lasting impact for NYC students.

[Insert banner image here]
""Students performing arts in NYC schools""

Why sponsor this event?

Direct community impact: Every sponsorship dollar funds arts healing programs in underserved NYC schools.

Exclusive engagement: Connect with city leaders, artists, and philanthropists at a vibrant evening of performances, wine tasting, and conversations.

🎭 Healing Through Arts: NYC Schools Benefit
📅 Monday, November 18, 2025 | 7:00 PM – 9:00 PM (doors open 6:30 PM)
📍 Rake Wine Bar (45 1st Ave, NYC)
🎟️ $35 per ticket
✨ Arts displays & live performances
🥂 Wine tasting & hors d'oeuvres
🤝 Meet fellow changemakers

Every ticket funds arts healing programs—attend to see how you can support further.

👉 [Get Your Ticket]

Corporate sponsors: Companies can also support, attend to learn more.

With gratitude,
Jameera Mahima Gujjarlapudi
Community School of Arts Foundation
🌐 Website: csoaf.org
📞 Phone: 917 216-5176",ready_to_send,2025-10-22 15:56:07
Mbd Compass One B Housing Development Fund Company Inc,Bronx,NY,,,4,No Name + Never Donated,,Healing Through Arts: NYC Schools,"Hello,

We're excited to invite you to join us as a sponsor of Healing Through Arts: NYC Schools, an unforgettable evening where art, music, and community come together to create lasting impact for NYC students.

[Insert banner image here]
""Students performing arts in NYC schools""

Why sponsor this event?

Direct community impact: Every sponsorship dollar funds arts healing programs in underserved NYC schools.

Exclusive engagement: Connect with city leaders, artists, and philanthropists at a vibrant evening of performances, wine tasting, and conversations.

🎭 Healing Through Arts: NYC Schools Benefit
📅 Monday, November 18, 2025 | 7:00 PM – 9:00 PM (doors open 6:30 PM)
📍 Rake Wine Bar (45 1st Ave, NYC)
🎟️ $35 per ticket
✨ Arts displays & live performances
🥂 Wine tasting & hors d'oeuvres
🤝 Meet fellow changemakers

Every ticket funds arts healing programs—attend to see how you can support further.

👉 [Get Your Ticket]

Corporate sponsors: Companies can also support, attend to learn more.

With gratitude,
Jameera Mahima Gujjarlapudi
Community School of Arts Foundation
🌐 Website: csoaf.org
📞 Phone: 917 216-5176",ready_to_send,2025-10-22 15:56:07
Labor Management Healthcare Fund,Cheektowaga,NY,,,4,No Name + Never Donated,,Healing Through Arts: NYC Schools,"Hello,

We're excited to invite you to join us as a sponsor of Healing Through Arts: NYC Schools, an unforgettable evening where art, music, and community come together to create lasting impact for NYC students.

[Insert banner image here]
""Students performing arts in NYC schools""

Why sponsor this event?

Direct community impact: Every sponsorship dollar funds arts healing programs in underserved NYC schools.

Exclusive engagement: Connect with city leaders, artists, and philanthropists at a vibrant evening of performances, wine tasting, and conversations.

🎭 Healing Through Arts: NYC Schools Benefit
📅 Monday, November 18, 2025 | 7:00 PM – 9:00 PM (doors open 6:30 PM)
📍 Rake Wine Bar (45 1st Ave, NYC)
🎟️ $35 per ticket
✨ Arts displays & live performances
🥂 Wine tasting & hors d'oeuvres
🤝 Meet fellow changemakers

Every ticket funds arts healing programs—attend to see how you can support further.

👉 [Get Your Ticket]

Corporate sponsors: Companies can also support, attend to learn more.

With gratitude,
Jameera Mahima Gujjarlapudi
Community School of Arts Foundation
🌐 Website: csoaf.org
📞 Phone: 917 216-5176",ready_to_send,2025-10-22 15:56:07
Youth Renewal Fund,New York,NY,,,4,No Name + Never Donated,,Healing Through Arts: NYC Schools,"Hello,

We're excited to invite you to join us as a sponsor of Healing Through Arts: NYC Schools, an unforgettable evening where art, music, and community come together to create lasting impact for NYC students.

[Insert banner image here]
""Students performing arts in NYC schools""

Why sponsor this event?

Direct community impact: Every sponsorship dollar funds arts healing programs in underserved NYC schools.

Exclusive engagement: Connect with city leaders, artists, and philanthropists at a vibrant evening of performances, wine tasting, and conversations.

🎭 Healing Through Arts: NYC Schools Benefit
📅 Monday, November 18, 2025 | 7:00 PM – 9:00 PM (doors open 6:30 PM)
📍 Rake Wine Bar (45 1st Ave, NYC)
🎟️ $35 per ticket
✨ Arts displays & live performances
🥂 Wine tasting & hors d'oeuvres
🤝 Meet fellow changemakers

Every ticket funds arts healing programs—attend to see how you can support further.

👉 [Get Your Ticket]

Corporate sponsors: Companies can also support, attend to learn more.

With gratitude,
Jameera Mahima Gujjarlapudi
Community School of Arts Foundation
🌐 Website: csoaf.org
📞 Phone: 917 216-5176",ready_to_send,2025-10-22 15:56:07
Albanian Children Fund,Staten Island,NY,,,4,No Name + Never Donated,,Healing Through Arts: NYC Schools,"Hello,

We're excited to invite you to join us as a sponsor of Healing Through Arts: NYC Schools, an unforgettable evening where art, music, and community come together to create lasting impact for NYC students.

[Insert banner image here]
""Students performing arts in NYC schools""

Why sponsor this event?

Direct community impact: Every sponsorship dollar funds arts healing programs in underserved NYC schools.

Exclusive engagement: Connect with city leaders, artists, and philanthropists at a vibrant evening of performances, wine tasting, and conversations.

🎭 Healing Through Arts: NYC Schools Benefit
📅 Monday, November 18, 2025 | 7:00 PM – 9:00 PM (doors open 6:30 PM)
📍 Rake Wine Bar (45 1st Ave, NYC)
🎟️ $35 per ticket
✨ Arts displays & live performances
🥂 Wine tasting & hors d'oeuvres
🤝 Meet fellow changemakers

Every ticket funds arts healing programs—attend to see how you can support further.

👉 [Get Your Ticket]

Corporate sponsors: Companies can also support, attend to learn more.

With gratitude,
Jameera Mahima Gujjarlapudi
Community School of Arts Foundation
🌐 Website: csoaf.org
📞 Phone: 917 216-5176",ready_to_send,2025-10-22 15:56:07
United States Fund For Unicef,New York,NY,,,4,No Name + Never Donated,,Healing Through Arts: NYC Schools,"Hello,

We're excited to invite you to join us as a sponsor of Healing Through Arts: NYC Schools, an unforgettable evening where art, music, and community come together to create lasting impact for NYC students.

[Insert banner image here]
""Students performing arts in NYC schools""

Why sponsor this event?

Direct community impact: Every sponsorship dollar funds arts healing programs in underserved NYC schools.

Exclusive engagement: Connect with city leaders, artists, and philanthropists at a vibrant evening of performances, wine tasting, and conversations.

🎭 Healing Through Arts: NYC Schools Benefit
📅 Monday, November 18, 2025 | 7:00 PM – 9:00 PM (doors open 6:30 PM)
📍 Rake Wine Bar (45 1st Ave, NYC)
🎟️ $35 per ticket
✨ Arts displays & live performances
🥂 Wine tasting & hors d'oeuvres
🤝 Meet fellow changemakers

Every ticket funds arts healing programs—attend to see how you can support further.

👉 [Get Your Ticket]

Corporate sponsors: Companies can also support, attend to learn more.

With gratitude,
Jameera Mahima Gujjarlapudi
Community School of Arts Foundation
🌐 Website: csoaf.org
📞 Phone: 917 216-5176",ready_to_send,2025-10-22 15:56:07
Dance Fund,N Hollywood,CA,,,4,No Name + Never Donated,,Healing Through Arts: NYC Schools,"Hello,

We're excited to invite you to join us as a sponsor of Healing Through Arts: NYC Schools, an unforgettable evening where art, music, and community come together to create lasting impact for NYC students.

[Insert banner image here]
""Students performing arts in NYC schools""

Why sponsor this event?

Direct community impact: Every sponsorship dollar funds arts healing programs in underserved NYC schools.

Exclusive engagement: Connect with city leaders, artists, and philanthropists at a vibrant evening of performances, wine tasting, and conversations.

🎭 Healing Through Arts: NYC Schools Benefit
📅 Monday, November 18, 2025 | 7:00 PM – 9:00 PM (doors open 6:30 PM)
📍 Rake Wine Bar (45 1st Ave, NYC)
🎟️ $35 per ticket
✨ Arts displays & live performances
🥂 Wine tasting & hors d'oeuvres
🤝 Meet fellow changemakers

Every ticket funds arts healing programs—attend to see how you can support further.

👉 [Get Your Ticket]

Corporate sponsors: Companies can also support, attend to learn more.

With gratitude,
Jameera Mahima Gujjarlapudi
Community School of Arts Foundation
🌐 Website: csoaf.org
📞 Phone: 917 216-5176",ready_to_send,2025-10-22 15:56:07
Thornston Educational Fund,Wrightwood,CA,,,4,No Name + Never Donated,,Healing Through Arts: NYC Schools,"Hello,

We're excited to invite you to join us as a sponsor of Healing Through Arts: NYC Schools, an unforgettable evening where art, music, and community come together to create lasting impact for NYC students.

[Insert banner image here]
""Students performing arts in NYC schools""

Why sponsor this event?

Direct community impact: Every sponsorship dollar funds arts healing programs in underserved NYC schools.

Exclusive engagement: Connect with city leaders, artists, and philanthropists at a vibrant evening of performances, wine tasting, and conversations.

🎭 Healing Through Arts: NYC Schools Benefit
📅 Monday, November 18, 2025 | 7:00 PM – 9:00 PM (doors open 6:30 PM)
📍 Rake Wine Bar (45 1st Ave, NYC)
🎟️ $35 per ticket
✨ Arts displays & live performances
🥂 Wine tasting & hors d'oeuvres
🤝 Meet fellow changemakers

Every ticket funds arts healing programs—attend to see how you can support further.

👉 [Get Your Ticket]

Corporate sponsors: Companies can also support, attend to learn more.

With gratitude,
Jameera Mahima Gujjarlapudi
Community School of Arts Foundation
🌐 Website: csoaf.org
📞 Phone: 917 216-5176",ready_to_send,2025-10-22 15:56:07
Hispanic Scholarship Fund,El Segundo,CA,,,4,No Name + Never Donated,,Healing Through Arts: NYC Schools,"Hello,

We're excited to invite you to join us as a sponsor of Healing Through Arts: NYC Schools, an unforgettable evening where art, music, and community come together to create lasting impact for NYC students.

[Insert banner image here]
""Students performing arts in NYC schools""

Why sponsor this event?

Direct community impact: Every sponsorship dollar funds arts healing programs in underserved NYC schools.

Exclusive engagement: Connect with city leaders, artists, and philanthropists at a vibrant evening of performances, wine tasting, and conversations.

🎭 Healing Through Arts: NYC Schools Benefit
📅 Monday, November 18, 2025 | 7:00 PM – 9:00 PM (doors open 6:30 PM)
📍 Rake Wine Bar (45 1st Ave, NYC)
🎟️ $35 per ticket
✨ Arts displays & live performances
🥂 Wine tasting & hors d'oeuvres
🤝 Meet fellow changemakers

Every ticket funds arts healing programs—attend to see how you can support further.

👉 [Get Your Ticket]

Corporate sponsors: Companies can also support, attend to learn more.

With gratitude,
Jameera Mahima Gujjarlapudi
Community School of Arts Foundation
🌐 Website: csoaf.org
📞 Phone: 917 216-5176",ready_to_send,2025-10-22 15:56:07
Almanor Scholarship Fund,Chester,CA,,,4,No Name + Never Donated,,Healing Through Arts: NYC Schools,"Hello,

We're excited to invite you to join us as a sponsor of Healing Through Arts: NYC Schools, an unforgettable evening where art, music, and community come together to create lasting impact for NYC students.

[Insert banner image here]
""Students performing arts in NYC schools""

Why sponsor this event?

Direct community impact: Every sponsorship dollar funds arts healing programs in underserved NYC schools.

Exclusive engagement: Connect with city leaders, artists, and philanthropists at a vibrant evening of performances, wine tasting, and conversations.

🎭 Healing Through Arts: NYC Schools Benefit
📅 Monday, November 18, 2025 | 7:00 PM – 9:00 PM (doors open 6:30 PM)
📍 Rake Wine Bar (45 1st Ave, NYC)
🎟️ $35 per ticket
✨ Arts displays & live performances
🥂 Wine tasting & hors d'oeuvres
🤝 Meet fellow changemakers

Every ticket funds arts healing programs—attend to see how you can support further.

👉 [Get Your Ticket]

Corporate sponsors: Companies can also support, attend to learn more.

With gratitude,
Jameera Mahima Gujjarlapudi
Community School of Arts Foundation
🌐 Website: csoaf.org
📞 Phone: 917 216-5176",ready_to_send,2025-10-22 15:56:07
Islamic Scholarship Fund,Berkeley,CA,,,4,No Name + Never Donated,,Healing Through Arts: NYC Schools,"Hello,

We're excited to invite you to join us as a sponsor of Healing Through Arts: NYC Schools, an unforgettable evening where art, music, and community come together to create lasting impact for NYC students.

[Insert banner image here]
""Students performing arts in NYC schools""

Why sponsor this event?

Direct community impact: Every sponsorship dollar funds arts healing programs in underserved NYC schools.

Exclusive engagement: Connect with city leaders, artists, and philanthropists at a vibrant evening of performances, wine tasting, and conversations.

🎭 Healing Through Arts: NYC Schools Benefit
📅 Monday, November 18, 2025 | 7:00 PM – 9:00 PM (doors open 6:30 PM)
📍 Rake Wine Bar (45 1st Ave, NYC)
🎟️ $35 per ticket
✨ Arts displays & live performances
🥂 Wine tasting & hors d'oeuvres
🤝 Meet fellow changemakers

Every ticket funds arts healing programs—attend to see how you can support further.

👉 [Get Your Ticket]

Corporate sponsors: Companies can also support, attend to learn more.

With gratitude,
Jameera Mahima Gujjarlapudi
Community School of Arts Foundation
🌐 Website: csoaf.org
📞 Phone: 917 216-5176",ready_to_send,2025-10-22 15:56:07
Iranian Scholarship Fund,Menlo Park,CA,,,4,No Name + Never Donated,,Healing Through Arts: NYC Schools,"Hello,

We're excited to invite you to join us as a sponsor of Healing Through Arts: NYC Schools, an unforgettable evening where art, music, and community come together to create lasting impact for NYC students.

[Insert banner image here]
""Students performing arts in NYC schools""

Why sponsor this event?

Direct community impact: Every sponsorship dollar funds arts healing programs in underserved NYC schools.

Exclusive engagement: Connect with city leaders, artists, and philanthropists at a vibrant evening of performances, wine tasting, and conversations.

🎭 Healing Through Arts: NYC Schools Benefit
📅 Monday, November 18, 2025 | 7:00 PM – 9:00 PM (doors open 6:30 PM)
📍 Rake Wine Bar (45 1st Ave, NYC)
🎟️ $35 per ticket
✨ Arts displays & live performances
🥂 Wine tasting & hors d'oeuvres
🤝 Meet fellow changemakers

Every ticket funds arts healing programs—attend to see how you can support further.

👉 [Get Your Ticket]

Corporate sponsors: Companies can also support, attend to learn more.

With gratitude,
Jameera Mahima Gujjarlapudi
Community School of Arts Foundation
🌐 Website: csoaf.org
📞 Phone: 917 216-5176",ready_to_send,2025-10-22 15:56:07
Croatian Scholarship Fund,San Ramon,CA,,,4,No Name + Never Donated,,Healing Through Arts: NYC Schools,"Hello,

We're excited to invite you to join us as a sponsor of Healing Through Arts: NYC Schools, an unforgettable evening where art, music, and community come together to create lasting impact for NYC students.

[Insert banner image here]
""Students performing arts in NYC schools""

Why sponsor this event?

Direct community impact: Every sponsorship dollar funds arts healing programs in underserved NYC schools.

Exclusive engagement: Connect with city leaders, artists, and philanthropists at a vibrant evening of performances, wine tasting, and conversations.

🎭 Healing Through Arts: NYC Schools Benefit
📅 Monday, November 18, 2025 | 7:00 PM – 9:00 PM (doors open 6:30 PM)
📍 Rake Wine Bar (45 1st Ave, NYC)
🎟️ $35 per ticket
✨ Arts displays & live performances
🥂 Wine tasting & hors d'oeuvres
🤝 Meet fellow changemakers

Every ticket funds arts healing programs—attend to see how you can support further.

👉 [Get Your Ticket]

Corporate sponsors: Companies can also support, attend to learn more.

With gratitude,
Jameera Mahima Gujjarlapudi
Community School of Arts Foundation
🌐 Website: csoaf.org
📞 Phone: 917 216-5176",ready_to_send,2025-10-22 15:56:07
Social Impact Fund,Los Angeles,CA,,,4,No Name + Never Donated,,Healing Through Arts: NYC Schools,"Hello,

We're excited to invite you to join us as a sponsor of Healing Through Arts: NYC Schools, an unforgettable evening where art, music, and community come together to create lasting impact for NYC students.

[Insert banner image here]
""Students performing arts in NYC schools""

Why sponsor this event?

Direct community impact: Every sponsorship dollar funds arts healing programs in underserved NYC schools.

Exclusive engagement: Connect with city leaders, artists, and philanthropists at a vibrant evening of performances, wine tasting, and conversations.

🎭 Healing Through Arts: NYC Schools Benefit
📅 Monday, November 18, 2025 | 7:00 PM – 9:00 PM (doors open 6:30 PM)
📍 Rake Wine Bar (45 1st Ave, NYC)
🎟️ $35 per ticket
✨ Arts displays & live performances
🥂 Wine tasting & hors d'oeuvres
🤝 Meet fellow changemakers

Every ticket funds arts healing programs—attend to see how you can support further.

👉 [Get Your Ticket]

Corporate sponsors: Companies can also support, attend to learn more.

With gratitude,
Jameera Mahima Gujjarlapudi
Community School of Arts Foundation
🌐 Website: csoaf.org
📞 Phone: 917 216-5176",ready_to_send,2025-10-22 15:56:07
Cio Scholarship Fund,Laguna Beach,CA,,,4,No Name + Never Donated,,Healing Through Arts: NYC Schools,"Hello,

We're excited to invite you to join us as a sponsor of Healing Through Arts: NYC Schools, an unforgettable evening where art, music, and community come together to create lasting impact for NYC students.

[Insert banner image here]
""Students performing arts in NYC schools""

Why sponsor this event?

Direct community impact: Every sponsorship dollar funds arts healing programs in underserved NYC schools.

Exclusive engagement: Connect with city leaders, artists, and philanthropists at a vibrant evening of performances, wine tasting, and conversations.

🎭 Healing Through Arts: NYC Schools Benefit
📅 Monday, November 18, 2025 | 7:00 PM – 9:00 PM (doors open 6:30 PM)
📍 Rake Wine Bar (45 1st Ave, NYC)
🎟️ $35 per ticket
✨ Arts displays & live performances
🥂 Wine tasting & hors d'oeuvres
🤝 Meet fellow changemakers

Every ticket funds arts healing programs—attend to see how you can support further.

👉 [Get Your Ticket]

Corporate sponsors: Companies can also support, attend to learn more.

With gratitude,
Jameera Mahima Gujjarlapudi
Community School of Arts Foundation
🌐 Website: csoaf.org
📞 Phone: 917 216-5176",ready_to_send,2025-10-22 15:56:07
Giving Tree Philanthropy Fund,Corning,NY,,,4,No Name + Never Donated,,Healing Through Arts: NYC Schools,"Hello,

We're excited to invite you to join us as a sponsor of Healing Through Arts: NYC Schools, an unforgettable evening where art, music, and community come together to create lasting impact for NYC students.

[Insert banner image here]
""Students performing arts in NYC schools""

Why sponsor this event?

Direct community impact: Every sponsorship dollar funds arts healing programs in underserved NYC schools.

Exclusive engagement: Connect with city leaders, artists, and philanthropists at a vibrant evening of performances, wine tasting, and conversations.

🎭 Healing Through Arts: NYC Schools Benefit
📅 Monday, November 18, 2025 | 7:00 PM – 9:00 PM (doors open 6:30 PM)
📍 Rake Wine Bar (45 1st Ave, NYC)
🎟️ $35 per ticket
✨ Arts displays & live performances
🥂 Wine tasting & hors d'oeuvres
🤝 Meet fellow changemakers

Every ticket funds arts healing programs—attend to see how you can support further.

👉 [Get Your Ticket]

Corporate sponsors: Companies can also support, attend to learn more.

With gratitude,
Jameera Mahima Gujjarlapudi
Community School of Arts Foundation
🌐 Website: csoaf.org
📞 Phone: 917 216-5176",ready_to_send,2025-10-22 15:56:07
Mbd Compass One A Housing Development Fund Company Inc,Bronx,NY,,,4,No Name + Never Donated,,Healing Through Arts: NYC Schools,"Hello,

We're excited to invite you to join us as a sponsor of Healing Through Arts: NYC Schools, an unforgettable evening where art, music, and community come together to create lasting impact for NYC students.

[Insert banner image here]
""Students performing arts in NYC schools""

Why sponsor this event?

Direct community impact: Every sponsorship dollar funds arts healing programs in underserved NYC schools.

Exclusive engagement: Connect with city leaders, artists, and philanthropists at a vibrant evening of performances, wine tasting, and conversations.

🎭 Healing Through Arts: NYC Schools Benefit
📅 Monday, November 18, 2025 | 7:00 PM – 9:00 PM (doors open 6:30 PM)
📍 Rake Wine Bar (45 1st Ave, NYC)
🎟️ $35 per ticket
✨ Arts displays & live performances
🥂 Wine tasting & hors d'oeuvres
🤝 Meet fellow changemakers

Every ticket funds arts healing programs—attend to see how you can support further.

👉 [Get Your Ticket]

Corporate sponsors: Companies can also support, attend to learn more.

With gratitude,
Jameera Mahima Gujjarlapudi
Community School of Arts Foundation
🌐 Website: csoaf.org
📞 Phone: 917 216-5176",ready_to_send,2025-10-22 15:56:07
Sava Educational Fund,Philadelphia,PA,,,4,No Name + Never Donated,,Healing Through Arts: NYC Schools,"Hello,

We're excited to invite you to join us as a sponsor of Healing Through Arts: NYC Schools, an unforgettable evening where art, music, and community come together to create lasting impact for NYC students.

[Insert banner image here]
""Students performing arts in NYC schools""

Why sponsor this event?

Direct community impact: Every sponsorship dollar funds arts healing programs in underserved NYC schools.

Exclusive engagement: Connect with city leaders, artists, and philanthropists at a vibrant evening of performances, wine tasting, and conversations.

🎭 Healing Through Arts: NYC Schools Benefit
📅 Monday, November 18, 2025 | 7:00 PM – 9:00 PM (doors open 6:30 PM)
📍 Rake Wine Bar (45 1st Ave, NYC)
🎟️ $35 per ticket
✨ Arts displays & live performances
🥂 Wine tasting & hors d'oeuvres
🤝 Meet fellow changemakers

Every ticket funds arts healing programs—attend to see how you can support further.

👉 [Get Your Ticket]

Corporate sponsors: Companies can also support, attend to learn more.

With gratitude,
Jameera Mahima Gujjarlapudi
Community School of Arts Foundation
🌐 Website: csoaf.org
📞 Phone: 917 216-5176",ready_to_send,2025-10-22 15:56:07
Navigation Charitable Fund,Berkeley,CA,,,4,No Name + Never Donated,,Healing Through Arts: NYC Schools,"Hello,

We're excited to invite you to join us as a sponsor of Healing Through Arts: NYC Schools, an unforgettable evening where art, music, and community come together to create lasting impact for NYC students.

[Insert banner image here]
""Students performing arts in NYC schools""

Why sponsor this event?

Direct community impact: Every sponsorship dollar funds arts healing programs in underserved NYC schools.

Exclusive engagement: Connect with city leaders, artists, and philanthropists at a vibrant evening of performances, wine tasting, and conversations.

🎭 Healing Through Arts: NYC Schools Benefit
📅 Monday, November 18, 2025 | 7:00 PM – 9:00 PM (doors open 6:30 PM)
📍 Rake Wine Bar (45 1st Ave, NYC)
🎟️ $35 per ticket
✨ Arts displays & live performances
🥂 Wine tasting & hors d'oeuvres
🤝 Meet fellow changemakers

Every ticket funds arts healing programs—attend to see how you can support further.

👉 [Get Your Ticket]

Corporate sponsors: Companies can also support, attend to learn more.

With gratitude,
Jameera Mahima Gujjarlapudi
Community School of Arts Foundation
🌐 Website: csoaf.org
📞 Phone: 917 216-5176",ready_to_send,2025-10-22 15:56:07
Daffy Charitable Fund,Los Altos,CA,,,4,No Name + Never Donated,,Healing Through Arts: NYC Schools,"Hello,

We're excited to invite you to join us as a sponsor of Healing Through Arts: NYC Schools, an unforgettable evening where art, music, and community come together to create lasting impact for NYC students.

[Insert banner image here]
""Students performing arts in NYC schools""

Why sponsor this event?

Direct community impact: Every sponsorship dollar funds arts healing programs in underserved NYC schools.

Exclusive engagement: Connect with city leaders, artists, and philanthropists at a vibrant evening of performances, wine tasting, and conversations.

🎭 Healing Through Arts: NYC Schools Benefit
📅 Monday, November 18, 2025 | 7:00 PM – 9:00 PM (doors open 6:30 PM)
📍 Rake Wine Bar (45 1st Ave, NYC)
🎟️ $35 per ticket
✨ Arts displays & live performances
🥂 Wine tasting & hors d'oeuvres
🤝 Meet fellow changemakers

Every ticket funds arts healing programs—attend to see how you can support further.

👉 [Get Your Ticket]

Corporate sponsors: Companies can also support, attend to learn more.

With gratitude,
Jameera Mahima Gujjarlapudi
Community School of Arts Foundation
🌐 Website: csoaf.org
📞 Phone: 917 216-5176",ready_to_send,2025-10-22 15:56:07
Corporate Fund For Housing,Long Beach,CA,,,4,No Name + Never Donated,,Healing Through Arts: NYC Schools,"Hello,

We're excited to invite you to join us as a sponsor of Healing Through Arts: NYC Schools, an unforgettable evening where art, music, and community come together to create lasting impact for NYC students.

[Insert banner image here]
""Students performing arts in NYC schools""

Why sponsor this event?

Direct community impact: Every sponsorship dollar funds arts healing programs in underserved NYC schools.

Exclusive engagement: Connect with city leaders, artists, and philanthropists at a vibrant evening of performances, wine tasting, and conversations.

🎭 Healing Through Arts: NYC Schools Benefit
📅 Monday, November 18, 2025 | 7:00 PM – 9:00 PM (doors open 6:30 PM)
📍 Rake Wine Bar (45 1st Ave, NYC)
🎟️ $35 per ticket
✨ Arts displays & live performances
🥂 Wine tasting & hors d'oeuvres
🤝 Meet fellow changemakers

Every ticket funds arts healing programs—attend to see how you can support further.

👉 [Get Your Ticket]

Corporate sponsors: Companies can also support, attend to learn more.

With gratitude,
Jameera Mahima Gujjarlapudi
Community School of Arts Foundation
🌐 Website: csoaf.org
📞 Phone: 917 216-5176",ready_to_send,2025-10-22 15:56:07
Stars Scholarship Fund,Mcallen,TX,,,4,No Name + Never Donated,,Healing Through Arts: NYC Schools,"Hello,

We're excited to invite you to join us as a sponsor of Healing Through Arts: NYC Schools, an unforgettable evening where art, music, and community come together to create lasting impact for NYC students.

[Insert banner image here]
""Students performing arts in NYC schools""

Why sponsor this event?

Direct community impact: Every sponsorship dollar funds arts healing programs in underserved NYC schools.

Exclusive engagement: Connect with city leaders, artists, and philanthropists at a vibrant evening of performances, wine tasting, and conversations.

🎭 Healing Through Arts: NYC Schools Benefit
📅 Monday, November 18, 2025 | 7:00 PM – 9:00 PM (doors open 6:30 PM)
📍 Rake Wine Bar (45 1st Ave, NYC)
🎟️ $35 per ticket
✨ Arts displays & live performances
🥂 Wine tasting & hors d'oeuvres
🤝 Meet fellow changemakers

Every ticket funds arts healing programs—attend to see how you can support further.

👉 [Get Your Ticket]

Corporate sponsors: Companies can also support, attend to learn more.

With gratitude,
Jameera Mahima Gujjarlapudi
Community School of Arts Foundation
🌐 Website: csoaf.org
📞 Phone: 917 216-5176",ready_to_send,2025-10-22 15:56:07
Poncin Scholarship Fund,Dallas,TX,,,4,No Name + Never Donated,,Healing Through Arts: NYC Schools,"Hello,

We're excited to invite you to join us as a sponsor of Healing Through Arts: NYC Schools, an unforgettable evening where art, music, and community come together to create lasting impact for NYC students.

[Insert banner image here]
""Students performing arts in NYC schools""

Why sponsor this event?

Direct community impact: Every sponsorship dollar funds arts healing programs in underserved NYC schools.

Exclusive engagement: Connect with city leaders, artists, and philanthropists at a vibrant evening of performances, wine tasting, and conversations.

🎭 Healing Through Arts: NYC Schools Benefit
📅 Monday, November 18, 2025 | 7:00 PM – 9:00 PM (doors open 6:30 PM)
📍 Rake Wine Bar (45 1st Ave, NYC)
🎟️ $35 per ticket
✨ Arts displays & live performances
🥂 Wine tasting & hors d'oeuvres
🤝 Meet fellow changemakers

Every ticket funds arts healing programs—attend to see how you can support further.

👉 [Get Your Ticket]

Corporate sponsors: Companies can also support, attend to learn more.

With gratitude,
Jameera Mahima Gujjarlapudi
Community School of Arts Foundation
🌐 Website: csoaf.org
📞 Phone: 917 216-5176",ready_to_send,2025-10-22 15:56:07
701 National City Boulevard Fund,National City,CA,,,4,No Name + Never Donated,,Healing Through Arts: NYC Schools,"Hello,

We're excited to invite you to join us as a sponsor of Healing Through Arts: NYC Schools, an unforgettable evening where art, music, and community come together to create lasting impact for NYC students.

[Insert banner image here]
""Students performing arts in NYC schools""

Why sponsor this event?

Direct community impact: Every sponsorship dollar funds arts healing programs in underserved NYC schools.

Exclusive engagement: Connect with city leaders, artists, and philanthropists at a vibrant evening of performances, wine tasting, and conversations.

🎭 Healing Through Arts: NYC Schools Benefit
📅 Monday, November 18, 2025 | 7:00 PM – 9:00 PM (doors open 6:30 PM)
📍 Rake Wine Bar (45 1st Ave, NYC)
🎟️ $35 per ticket
✨ Arts displays & live performances
🥂 Wine tasting & hors d'oeuvres
🤝 Meet fellow changemakers

Every ticket funds arts healing programs—attend to see how you can support further.

👉 [Get Your Ticket]

Corporate sponsors: Companies can also support, attend to learn more.

With gratitude,
Jameera Mahima Gujjarlapudi
Community School of Arts Foundation
🌐 Website: csoaf.org
📞 Phone: 917 216-5176",ready_to_send,2025-10-22 15:56:07
Smith Educational Fund,Dallas,TX,,,4,No Name + Never Donated,,Healing Through Arts: NYC Schools,"Hello,

We're excited to invite you to join us as a sponsor of Healing Through Arts: NYC Schools, an unforgettable evening where art, music, and community come together to create lasting impact for NYC students.

[Insert banner image here]
""Students performing arts in NYC schools""

Why sponsor this event?

Direct community impact: Every sponsorship dollar funds arts healing programs in underserved NYC schools.

Exclusive engagement: Connect with city leaders, artists, and philanthropists at a vibrant evening of performances, wine tasting, and conversations.

🎭 Healing Through Arts: NYC Schools Benefit
📅 Monday, November 18, 2025 | 7:00 PM – 9:00 PM (doors open 6:30 PM)
📍 Rake Wine Bar (45 1st Ave, NYC)
🎟️ $35 per ticket
✨ Arts displays & live performances
🥂 Wine tasting & hors d'oeuvres
🤝 Meet fellow changemakers

Every ticket funds arts healing programs—attend to see how you can support further.

👉 [Get Your Ticket]

Corporate sponsors: Companies can also support, attend to learn more.

With gratitude,
Jameera Mahima Gujjarlapudi
Community School of Arts Foundation
🌐 Website: csoaf.org
📞 Phone: 917 216-5176",ready_to_send,2025-10-22 15:56:07
Worthings Scholarship Fund,Dallas,TX,,,4,No Name + Never Donated,,Healing Through Arts: NYC Schools,"Hello,

We're excited to invite you to join us as a sponsor of Healing Through Arts: NYC Schools, an unforgettable evening where art, music, and community come together to create lasting impact for NYC students.

[Insert banner image here]
""Students performing arts in NYC schools""

Why sponsor this event?

Direct community impact: Every sponsorship dollar funds arts healing programs in underserved NYC schools.

Exclusive engagement: Connect with city leaders, artists, and philanthropists at a vibrant evening of performances, wine tasting, and conversations.

🎭 Healing Through Arts: NYC Schools Benefit
📅 Monday, November 18, 2025 | 7:00 PM – 9:00 PM (doors open 6:30 PM)
📍 Rake Wine Bar (45 1st Ave, NYC)
🎟️ $35 per ticket
✨ Arts displays & live performances
🥂 Wine tasting & hors d'oeuvres
🤝 Meet fellow changemakers

Every ticket funds arts healing programs—attend to see how you can support further.

👉 [Get Your Ticket]

Corporate sponsors: Companies can also support, attend to learn more.

With gratitude,
Jameera Mahima Gujjarlapudi
Community School of Arts Foundation
🌐 Website: csoaf.org
📞 Phone: 917 216-5176",ready_to_send,2025-10-22 15:56:07
Eog Scholarship Fund,Houston,TX,,,4,No Name + Never Donated,,Healing Through Arts: NYC Schools,"Hello,

We're excited to invite you to join us as a sponsor of Healing Through Arts: NYC Schools, an unforgettable evening where art, music, and community come together to create lasting impact for NYC students.

[Insert banner image here]
""Students performing arts in NYC schools""

Why sponsor this event?

Direct community impact: Every sponsorship dollar funds arts healing programs in underserved NYC schools.

Exclusive engagement: Connect with city leaders, artists, and philanthropists at a vibrant evening of performances, wine tasting, and conversations.

🎭 Healing Through Arts: NYC Schools Benefit
📅 Monday, November 18, 2025 | 7:00 PM – 9:00 PM (doors open 6:30 PM)
📍 Rake Wine Bar (45 1st Ave, NYC)
🎟️ $35 per ticket
✨ Arts displays & live performances
🥂 Wine tasting & hors d'oeuvres
🤝 Meet fellow changemakers

Every ticket funds arts healing programs—attend to see how you can support further.

👉 [Get Your Ticket]

Corporate sponsors: Companies can also support, attend to learn more.

With gratitude,
Jameera Mahima Gujjarlapudi
Community School of Arts Foundation
🌐 Website: csoaf.org
📞 Phone: 917 216-5176",ready_to_send,2025-10-22 15:56:07
Liftfund Inc,San Antonio,TX,,,4,No Name + Never Donated,,Healing Through Arts: NYC Schools,"Hello,

We're excited to invite you to join us as a sponsor of Healing Through Arts: NYC Schools, an unforgettable evening where art, music, and community come together to create lasting impact for NYC students.

[Insert banner image here]
""Students performing arts in NYC schools""

Why sponsor this event?

Direct community impact: Every sponsorship dollar funds arts healing programs in underserved NYC schools.

Exclusive engagement: Connect with city leaders, artists, and philanthropists at a vibrant evening of performances, wine tasting, and conversations.

🎭 Healing Through Arts: NYC Schools Benefit
📅 Monday, November 18, 2025 | 7:00 PM – 9:00 PM (doors open 6:30 PM)
📍 Rake Wine Bar (45 1st Ave, NYC)
🎟️ $35 per ticket
✨ Arts displays & live performances
🥂 Wine tasting & hors d'oeuvres
🤝 Meet fellow changemakers

Every ticket funds arts healing programs—attend to see how you can support further.

👉 [Get Your Ticket]

Corporate sponsors: Companies can also support, attend to learn more.

With gratitude,
Jameera Mahima Gujjarlapudi
Community School of Arts Foundation
🌐 Website: csoaf.org
📞 Phone: 917 216-5176",ready_to_send,2025-10-22 15:56:07
Beehivefund Corporation,Spring,TX,,,4,No Name + Never Donated,,Healing Through Arts: NYC Schools,"Hello,

We're excited to invite you to join us as a sponsor of Healing Through Arts: NYC Schools, an unforgettable evening where art, music, and community come together to create lasting impact for NYC students.

[Insert banner image here]
""Students performing arts in NYC schools""

Why sponsor this event?

Direct community impact: Every sponsorship dollar funds arts healing programs in underserved NYC schools.

Exclusive engagement: Connect with city leaders, artists, and philanthropists at a vibrant evening of performances, wine tasting, and conversations.

🎭 Healing Through Arts: NYC Schools Benefit
📅 Monday, November 18, 2025 | 7:00 PM – 9:00 PM (doors open 6:30 PM)
📍 Rake Wine Bar (45 1st Ave, NYC)
🎟️ $35 per ticket
✨ Arts displays & live performances
🥂 Wine tasting & hors d'oeuvres
🤝 Meet fellow changemakers

Every ticket funds arts healing programs—attend to see how you can support further.

👉 [Get Your Ticket]

Corporate sponsors: Companies can also support, attend to learn more.

With gratitude,
Jameera Mahima Gujjarlapudi
Community School of Arts Foundation
🌐 Website: csoaf.org
📞 Phone: 917 216-5176",ready_to_send,2025-10-22 15:56:07
Medina Healthcare Fund,Hondo,TX,,,4,No Name + Never Donated,,Healing Through Arts: NYC Schools,"Hello,

We're excited to invite you to join us as a sponsor of Healing Through Arts: NYC Schools, an unforgettable evening where art, music, and community come together to create lasting impact for NYC students.

[Insert banner image here]
""Students performing arts in NYC schools""

Why sponsor this event?

Direct community impact: Every sponsorship dollar funds arts healing programs in underserved NYC schools.

Exclusive engagement: Connect with city leaders, artists, and philanthropists at a vibrant evening of performances, wine tasting, and conversations.

🎭 Healing Through Arts: NYC Schools Benefit
📅 Monday, November 18, 2025 | 7:00 PM – 9:00 PM (doors open 6:30 PM)
📍 Rake Wine Bar (45 1st Ave, NYC)
🎟️ $35 per ticket
✨ Arts displays & live performances
🥂 Wine tasting & hors d'oeuvres
🤝 Meet fellow changemakers

Every ticket funds arts healing programs—attend to see how you can support further.

👉 [Get Your Ticket]

Corporate sponsors: Companies can also support, attend to learn more.

With gratitude,
Jameera Mahima Gujjarlapudi
Community School of Arts Foundation
🌐 Website: csoaf.org
📞 Phone: 917 216-5176",ready_to_send,2025-10-22 15:56:07
Bwi Scholarship Fund,Jacksonville,FL,,,4,No Name + Never Donated,,Healing Through Arts: NYC Schools,"Hello,

We're excited to invite you to join us as a sponsor of Healing Through Arts: NYC Schools, an unforgettable evening where art, music, and community come together to create lasting impact for NYC students.

[Insert banner image here]
""Students performing arts in NYC schools""

Why sponsor this event?

Direct community impact: Every sponsorship dollar funds arts healing programs in underserved NYC schools.

Exclusive engagement: Connect with city leaders, artists, and philanthropists at a vibrant evening of performances, wine tasting, and conversations.

🎭 Healing Through Arts: NYC Schools Benefit
📅 Monday, November 18, 2025 | 7:00 PM – 9:00 PM (doors open 6:30 PM)
📍 Rake Wine Bar (45 1st Ave, NYC)
🎟️ $35 per ticket
✨ Arts displays & live performances
🥂 Wine tasting & hors d'oeuvres
🤝 Meet fellow changemakers

Every ticket funds arts healing programs—attend to see how you can support further.

👉 [Get Your Ticket]

Corporate sponsors: Companies can also support, attend to learn more.

With gratitude,
Jameera Mahima Gujjarlapudi
Community School of Arts Foundation
🌐 Website: csoaf.org
📞 Phone: 917 216-5176",ready_to_send,2025-10-22 15:56:07
Tsrhc Scholarship Fund,Dallas,TX,,,4,No Name + Never Donated,,Healing Through Arts: NYC Schools,"Hello,

We're excited to invite you to join us as a sponsor of Healing Through Arts: NYC Schools, an unforgettable evening where art, music, and community come together to create lasting impact for NYC students.

[Insert banner image here]
""Students performing arts in NYC schools""

Why sponsor this event?

Direct community impact: Every sponsorship dollar funds arts healing programs in underserved NYC schools.

Exclusive engagement: Connect with city leaders, artists, and philanthropists at a vibrant evening of performances, wine tasting, and conversations.

🎭 Healing Through Arts: NYC Schools Benefit
📅 Monday, November 18, 2025 | 7:00 PM – 9:00 PM (doors open 6:30 PM)
📍 Rake Wine Bar (45 1st Ave, NYC)
🎟️ $35 per ticket
✨ Arts displays & live performances
🥂 Wine tasting & hors d'oeuvres
🤝 Meet fellow changemakers

Every ticket funds arts healing programs—attend to see how you can support further.

👉 [Get Your Ticket]

Corporate sponsors: Companies can also support, attend to learn more.

With gratitude,
Jameera Mahima Gujjarlapudi
Community School of Arts Foundation
🌐 Website: csoaf.org
📞 Phone: 917 216-5176",ready_to_send,2025-10-22 15:56:07
Swapa Scholarship Fund,Dallas,TX,,,4,No Name + Never Donated,,Healing Through Arts: NYC Schools,"Hello,

We're excited to invite you to join us as a sponsor of Healing Through Arts: NYC Schools, an unforgettable evening where art, music, and community come together to create lasting impact for NYC students.

[Insert banner image here]
""Students performing arts in NYC schools""

Why sponsor this event?

Direct community impact: Every sponsorship dollar funds arts healing programs in underserved NYC schools.

Exclusive engagement: Connect with city leaders, artists, and philanthropists at a vibrant evening of performances, wine tasting, and conversations.

🎭 Healing Through Arts: NYC Schools Benefit
📅 Monday, November 18, 2025 | 7:00 PM – 9:00 PM (doors open 6:30 PM)
📍 Rake Wine Bar (45 1st Ave, NYC)
🎟️ $35 per ticket
✨ Arts displays & live performances
🥂 Wine tasting & hors d'oeuvres
🤝 Meet fellow changemakers

Every ticket funds arts healing programs—attend to see how you can support further.

👉 [Get Your Ticket]

Corporate sponsors: Companies can also support, attend to learn more.

With gratitude,
Jameera Mahima Gujjarlapudi
Community School of Arts Foundation
🌐 Website: csoaf.org
📞 Phone: 917 216-5176",ready_to_send,2025-10-22 15:56:07
Philadelphia Cultural Fund Inc,Philadelphia,PA,,,4,No Name + Never Donated,,Healing Through Arts: NYC Schools,"Hello,

We're excited to invite you to join us as a sponsor of Healing Through Arts: NYC Schools, an unforgettable evening where art, music, and community come together to create lasting impact for NYC students.

[Insert banner image here]
""Students performing arts in NYC schools""

Why sponsor this event?

Direct community impact: Every sponsorship dollar funds arts healing programs in underserved NYC schools.

Exclusive engagement: Connect with city leaders, artists, and philanthropists at a vibrant evening of performances, wine tasting, and conversations.

🎭 Healing Through Arts: NYC Schools Benefit
📅 Monday, November 18, 2025 | 7:00 PM – 9:00 PM (doors open 6:30 PM)
📍 Rake Wine Bar (45 1st Ave, NYC)
🎟️ $35 per ticket
✨ Arts displays & live performances
🥂 Wine tasting & hors d'oeuvres
🤝 Meet fellow changemakers

Every ticket funds arts healing programs—attend to see how you can support further.

👉 [Get Your Ticket]

Corporate sponsors: Companies can also support, attend to learn more.

With gratitude,
Jameera Mahima Gujjarlapudi
Community School of Arts Foundation
🌐 Website: csoaf.org
📞 Phone: 917 216-5176",ready_to_send,2025-10-22 15:56:07
Fauquier Scholarship Fund,Orlando,FL,,,4,No Name + Never Donated,,Healing Through Arts: NYC Schools,"Hello,

We're excited to invite you to join us as a sponsor of Healing Through Arts: NYC Schools, an unforgettable evening where art, music, and community come together to create lasting impact for NYC students.

[Insert banner image here]
""Students performing arts in NYC schools""

Why sponsor this event?

Direct community impact: Every sponsorship dollar funds arts healing programs in underserved NYC schools.

Exclusive engagement: Connect with city leaders, artists, and philanthropists at a vibrant evening of performances, wine tasting, and conversations.

🎭 Healing Through Arts: NYC Schools Benefit
📅 Monday, November 18, 2025 | 7:00 PM – 9:00 PM (doors open 6:30 PM)
📍 Rake Wine Bar (45 1st Ave, NYC)
🎟️ $35 per ticket
✨ Arts displays & live performances
🥂 Wine tasting & hors d'oeuvres
🤝 Meet fellow changemakers

Every ticket funds arts healing programs—attend to see how you can support further.

👉 [Get Your Ticket]

Corporate sponsors: Companies can also support, attend to learn more.

With gratitude,
Jameera Mahima Gujjarlapudi
Community School of Arts Foundation
🌐 Website: csoaf.org
📞 Phone: 917 216-5176",ready_to_send,2025-10-22 15:56:07
Her Scholarship Fund,Orlando,FL,,,4,No Name + Never Donated,,Healing Through Arts: NYC Schools,"Hello,

We're excited to invite you to join us as a sponsor of Healing Through Arts: NYC Schools, an unforgettable evening where art, music, and community come together to create lasting impact for NYC students.

[Insert banner image here]
""Students performing arts in NYC schools""

Why sponsor this event?

Direct community impact: Every sponsorship dollar funds arts healing programs in underserved NYC schools.

Exclusive engagement: Connect with city leaders, artists, and philanthropists at a vibrant evening of performances, wine tasting, and conversations.

🎭 Healing Through Arts: NYC Schools Benefit
📅 Monday, November 18, 2025 | 7:00 PM – 9:00 PM (doors open 6:30 PM)
📍 Rake Wine Bar (45 1st Ave, NYC)
🎟️ $35 per ticket
✨ Arts displays & live performances
🥂 Wine tasting & hors d'oeuvres
🤝 Meet fellow changemakers

Every ticket funds arts healing programs—attend to see how you can support further.

👉 [Get Your Ticket]

Corporate sponsors: Companies can also support, attend to learn more.

With gratitude,
Jameera Mahima Gujjarlapudi
Community School of Arts Foundation
🌐 Website: csoaf.org
📞 Phone: 917 216-5176",ready_to_send,2025-10-22 15:56:07
Valencia I Williams Scholarship Fund,Orlando,FL,,,4,No Name + Never Donated,,Healing Through Arts: NYC Schools,"Hello,

We're excited to invite you to join us as a sponsor of Healing Through Arts: NYC Schools, an unforgettable evening where art, music, and community come together to create lasting impact for NYC students.

[Insert banner image here]
""Students performing arts in NYC schools""

Why sponsor this event?

Direct community impact: Every sponsorship dollar funds arts healing programs in underserved NYC schools.

Exclusive engagement: Connect with city leaders, artists, and philanthropists at a vibrant evening of performances, wine tasting, and conversations.

🎭 Healing Through Arts: NYC Schools Benefit
📅 Monday, November 18, 2025 | 7:00 PM – 9:00 PM (doors open 6:30 PM)
📍 Rake Wine Bar (45 1st Ave, NYC)
🎟️ $35 per ticket
✨ Arts displays & live performances
🥂 Wine tasting & hors d'oeuvres
🤝 Meet fellow changemakers

Every ticket funds arts healing programs—attend to see how you can support further.

👉 [Get Your Ticket]

Corporate sponsors: Companies can also support, attend to learn more.

With gratitude,
Jameera Mahima Gujjarlapudi
Community School of Arts Foundation
🌐 Website: csoaf.org
📞 Phone: 917 216-5176",ready_to_send,2025-10-22 15:56:07
Sfbaa Charity Fund,Ft Lauderdale,FL,,,4,No Name + Never Donated,,Healing Through Arts: NYC Schools,"Hello,

We're excited to invite you to join us as a sponsor of Healing Through Arts: NYC Schools, an unforgettable evening where art, music, and community come together to create lasting impact for NYC students.

[Insert banner image here]
""Students performing arts in NYC schools""

Why sponsor this event?

Direct community impact: Every sponsorship dollar funds arts healing programs in underserved NYC schools.

Exclusive engagement: Connect with city leaders, artists, and philanthropists at a vibrant evening of performances, wine tasting, and conversations.

🎭 Healing Through Arts: NYC Schools Benefit
📅 Monday, November 18, 2025 | 7:00 PM – 9:00 PM (doors open 6:30 PM)
📍 Rake Wine Bar (45 1st Ave, NYC)
🎟️ $35 per ticket
✨ Arts displays & live performances
🥂 Wine tasting & hors d'oeuvres
🤝 Meet fellow changemakers

Every ticket funds arts healing programs—attend to see how you can support further.

👉 [Get Your Ticket]

Corporate sponsors: Companies can also support, attend to learn more.

With gratitude,
Jameera Mahima Gujjarlapudi
Community School of Arts Foundation
🌐 Website: csoaf.org
📞 Phone: 917 216-5176",ready_to_send,2025-10-22 15:56:07
Kazilionis Charitable Fund,Palm Bch Gdns,FL,,,4,No Name + Never Donated,,Healing Through Arts: NYC Schools,"Hello,

We're excited to invite you to join us as a sponsor of Healing Through Arts: NYC Schools, an unforgettable evening where art, music, and community come together to create lasting impact for NYC students.

[Insert banner image here]
""Students performing arts in NYC schools""

Why sponsor this event?

Direct community impact: Every sponsorship dollar funds arts healing programs in underserved NYC schools.

Exclusive engagement: Connect with city leaders, artists, and philanthropists at a vibrant evening of performances, wine tasting, and conversations.

🎭 Healing Through Arts: NYC Schools Benefit
📅 Monday, November 18, 2025 | 7:00 PM – 9:00 PM (doors open 6:30 PM)
📍 Rake Wine Bar (45 1st Ave, NYC)
🎟️ $35 per ticket
✨ Arts displays & live performances
🥂 Wine tasting & hors d'oeuvres
🤝 Meet fellow changemakers

Every ticket funds arts healing programs—attend to see how you can support further.

👉 [Get Your Ticket]

Corporate sponsors: Companies can also support, attend to learn more.

With gratitude,
Jameera Mahima Gujjarlapudi
Community School of Arts Foundation
🌐 Website: csoaf.org
📞 Phone: 917 216-5176",ready_to_send,2025-10-22 15:56:07
Global Student Fund,Hallandle Bch,FL,,,4,No Name + Never Donated,,Healing Through Arts: NYC Schools,"Hello,

We're excited to invite you to join us as a sponsor of Healing Through Arts: NYC Schools, an unforgettable evening where art, music, and community come together to create lasting impact for NYC students.

[Insert banner image here]
""Students performing arts in NYC schools""

Why sponsor this event?

Direct community impact: Every sponsorship dollar funds arts healing programs in underserved NYC schools.

Exclusive engagement: Connect with city leaders, artists, and philanthropists at a vibrant evening of performances, wine tasting, and conversations.

🎭 Healing Through Arts: NYC Schools Benefit
📅 Monday, November 18, 2025 | 7:00 PM – 9:00 PM (doors open 6:30 PM)
📍 Rake Wine Bar (45 1st Ave, NYC)
🎟️ $35 per ticket
✨ Arts displays & live performances
🥂 Wine tasting & hors d'oeuvres
🤝 Meet fellow changemakers

Every ticket funds arts healing programs—attend to see how you can support further.

👉 [Get Your Ticket]

Corporate sponsors: Companies can also support, attend to learn more.

With gratitude,
Jameera Mahima Gujjarlapudi
Community School of Arts Foundation
🌐 Website: csoaf.org
📞 Phone: 917 216-5176",ready_to_send,2025-10-22 15:56:07
Public Library Endowment Fund,Orlando,FL,,,4,No Name + Never Donated,,Healing Through Arts: NYC Schools,"Hello,

We're excited to invite you to join us as a sponsor of Healing Through Arts: NYC Schools, an unforgettable evening where art, music, and community come together to create lasting impact for NYC students.

[Insert banner image here]
""Students performing arts in NYC schools""

Why sponsor this event?

Direct community impact: Every sponsorship dollar funds arts healing programs in underserved NYC schools.

Exclusive engagement: Connect with city leaders, artists, and philanthropists at a vibrant evening of performances, wine tasting, and conversations.

🎭 Healing Through Arts: NYC Schools Benefit
📅 Monday, November 18, 2025 | 7:00 PM – 9:00 PM (doors open 6:30 PM)
📍 Rake Wine Bar (45 1st Ave, NYC)
🎟️ $35 per ticket
✨ Arts displays & live performances
🥂 Wine tasting & hors d'oeuvres
🤝 Meet fellow changemakers

Every ticket funds arts healing programs—attend to see how you can support further.

👉 [Get Your Ticket]

Corporate sponsors: Companies can also support, attend to learn more.

With gratitude,
Jameera Mahima Gujjarlapudi
Community School of Arts Foundation
🌐 Website: csoaf.org
📞 Phone: 917 216-5176",ready_to_send,2025-10-22 15:56:07
Business Funding Foundation,Orlando,FL,,,4,No Name + Never Donated,,Healing Through Arts: NYC Schools,"Hello,

We're excited to invite you to join us as a sponsor of Healing Through Arts: NYC Schools, an unforgettable evening where art, music, and community come together to create lasting impact for NYC students.

[Insert banner image here]
""Students performing arts in NYC schools""

Why sponsor this event?

Direct community impact: Every sponsorship dollar funds arts healing programs in underserved NYC schools.

Exclusive engagement: Connect with city leaders, artists, and philanthropists at a vibrant evening of performances, wine tasting, and conversations.

🎭 Healing Through Arts: NYC Schools Benefit
📅 Monday, November 18, 2025 | 7:00 PM – 9:00 PM (doors open 6:30 PM)
📍 Rake Wine Bar (45 1st Ave, NYC)
🎟️ $35 per ticket
✨ Arts displays & live performances
🥂 Wine tasting & hors d'oeuvres
🤝 Meet fellow changemakers

Every ticket funds arts healing programs—attend to see how you can support further.

👉 [Get Your Ticket]

Corporate sponsors: Companies can also support, attend to learn more.

With gratitude,
Jameera Mahima Gujjarlapudi
Community School of Arts Foundation
🌐 Website: csoaf.org
📞 Phone: 917 216-5176",ready_to_send,2025-10-22 15:56:07
Braman Philanthropic Fund,Miami,FL,,,4,No Name + Never Donated,,Healing Through Arts: NYC Schools,"Hello,

We're excited to invite you to join us as a sponsor of Healing Through Arts: NYC Schools, an unforgettable evening where art, music, and community come together to create lasting impact for NYC students.

[Insert banner image here]
""Students performing arts in NYC schools""

Why sponsor this event?

Direct community impact: Every sponsorship dollar funds arts healing programs in underserved NYC schools.

Exclusive engagement: Connect with city leaders, artists, and philanthropists at a vibrant evening of performances, wine tasting, and conversations.

🎭 Healing Through Arts: NYC Schools Benefit
📅 Monday, November 18, 2025 | 7:00 PM – 9:00 PM (doors open 6:30 PM)
📍 Rake Wine Bar (45 1st Ave, NYC)
🎟️ $35 per ticket
✨ Arts displays & live performances
🥂 Wine tasting & hors d'oeuvres
🤝 Meet fellow changemakers

Every ticket funds arts healing programs—attend to see how you can support further.

👉 [Get Your Ticket]

Corporate sponsors: Companies can also support, attend to learn more.

With gratitude,
Jameera Mahima Gujjarlapudi
Community School of Arts Foundation
🌐 Website: csoaf.org
📞 Phone: 917 216-5176",ready_to_send,2025-10-22 15:56:07
Cultural Enrichment Fund,Harrisburg,PA,,,4,No Name + Never Donated,,Healing Through Arts: NYC Schools,"Hello,

We're excited to invite you to join us as a sponsor of Healing Through Arts: NYC Schools, an unforgettable evening where art, music, and community come together to create lasting impact for NYC students.

[Insert banner image here]
""Students performing arts in NYC schools""

Why sponsor this event?

Direct community impact: Every sponsorship dollar funds arts healing programs in underserved NYC schools.

Exclusive engagement: Connect with city leaders, artists, and philanthropists at a vibrant evening of performances, wine tasting, and conversations.

🎭 Healing Through Arts: NYC Schools Benefit
📅 Monday, November 18, 2025 | 7:00 PM – 9:00 PM (doors open 6:30 PM)
📍 Rake Wine Bar (45 1st Ave, NYC)
🎟️ $35 per ticket
✨ Arts displays & live performances
🥂 Wine tasting & hors d'oeuvres
🤝 Meet fellow changemakers

Every ticket funds arts healing programs—attend to see how you can support further.

👉 [Get Your Ticket]

Corporate sponsors: Companies can also support, attend to learn more.

With gratitude,
Jameera Mahima Gujjarlapudi
Community School of Arts Foundation
🌐 Website: csoaf.org
📞 Phone: 917 216-5176",ready_to_send,2025-10-22 15:56:07
National Guild For Community Arts Education Inc,New York,NY,,,4,No Name + Never Donated,,Healing Through Arts: NYC Schools,"Hello,

We're excited to invite you to join us as a sponsor of Healing Through Arts: NYC Schools, an unforgettable evening where art, music, and community come together to create lasting impact for NYC students.

[Insert banner image here]
""Students performing arts in NYC schools""

Why sponsor this event?

Direct community impact: Every sponsorship dollar funds arts healing programs in underserved NYC schools.

Exclusive engagement: Connect with city leaders, artists, and philanthropists at a vibrant evening of performances, wine tasting, and conversations.

🎭 Healing Through Arts: NYC Schools Benefit
📅 Monday, November 18, 2025 | 7:00 PM – 9:00 PM (doors open 6:30 PM)
📍 Rake Wine Bar (45 1st Ave, NYC)
🎟️ $35 per ticket
✨ Arts displays & live performances
🥂 Wine tasting & hors d'oeuvres
🤝 Meet fellow changemakers

Every ticket funds arts healing programs—attend to see how you can support further.

👉 [Get Your Ticket]

Corporate sponsors: Companies can also support, attend to learn more.

With gratitude,
Jameera Mahima Gujjarlapudi
Community School of Arts Foundation
🌐 Website: csoaf.org
📞 Phone: 917 216-5176",ready_to_send,2025-10-22 15:56:07
Sacramento Community Education & Arts,Citrus Hts,CA,,,2,Has Name + Never Donated,Sacramento,"Sacramento, Healing Through Arts: NYC Schools","Hi Sacramento,

We're excited to invite you to join us as a sponsor of Healing Through Arts: NYC Schools, an unforgettable evening where art, music, and community come together to create lasting impact for NYC students.

[Insert banner image here]
""Students performing arts in NYC schools""

Why sponsor this event?

Direct community impact: Every sponsorship dollar funds arts healing programs in underserved NYC schools.

Exclusive engagement: Connect with city leaders, artists, and philanthropists at a vibrant evening of performances, wine tasting, and conversations.

🎭 Healing Through Arts: NYC Schools Benefit
📅 Monday, November 18, 2025 | 7:00 PM – 9:00 PM (doors open 6:30 PM)
📍 Rake Wine Bar (45 1st Ave, NYC)
🎟️ $35 per ticket
✨ Arts displays & live performances
🥂 Wine tasting & hors d'oeuvres
🤝 Meet fellow changemakers

Every ticket funds arts healing programs—attend to see how you can support further.

👉 [Get Your Ticket]

Corporate sponsors: Companies can also support, attend to learn more.

With gratitude,
Jameera Mahima Gujjarlapudi
Community School of Arts Foundation
🌐 Website: csoaf.org
📞 Phone: 917 216-5176",ready_to_send,2025-10-22 15:56:07
Arts In Motion Community Youth Theatre/Arts Education Inc,Dade City,FL,,,4,No Name + Never Donated,,Healing Through Arts: NYC Schools,"Hello,

We're excited to invite you to join us as a sponsor of Healing Through Arts: NYC Schools, an unforgettable evening where art, music, and community come together to create lasting impact for NYC students.

[Insert banner image here]
""Students performing arts in NYC schools""

Why sponsor this event?

Direct community impact: Every sponsorship dollar funds arts healing programs in underserved NYC schools.

Exclusive engagement: Connect with city leaders, artists, and philanthropists at a vibrant evening of performances, wine tasting, and conversations.

🎭 Healing Through Arts: NYC Schools Benefit
📅 Monday, November 18, 2025 | 7:00 PM – 9:00 PM (doors open 6:30 PM)
📍 Rake Wine Bar (45 1st Ave, NYC)
🎟️ $35 per ticket
✨ Arts displays & live performances
🥂 Wine tasting & hors d'oeuvres
🤝 Meet fellow changemakers

Every ticket funds arts healing programs—attend to see how you can support further.

👉 [Get Your Ticket]

Corporate sponsors: Companies can also support, attend to learn more.

With gratitude,
Jameera Mahima Gujjarlapudi
Community School of Arts Foundation
🌐 Website: csoaf.org
📞 Phone: 917 216-5176",ready_to_send,2025-10-22 15:56:07
Spartsburg Community Foundation,Spartansburg,PA,,,4,No Name + Never Donated,,Healing Through Arts: NYC Schools,"Hello,

We're excited to invite you to join us as a sponsor of Healing Through Arts: NYC Schools, an unforgettable evening where art, music, and community come together to create lasting impact for NYC students.

[Insert banner image here]
""Students performing arts in NYC schools""

Why sponsor this event?

Direct community impact: Every sponsorship dollar funds arts healing programs in underserved NYC schools.

Exclusive engagement: Connect with city leaders, artists, and philanthropists at a vibrant evening of performances, wine tasting, and conversations.

🎭 Healing Through Arts: NYC Schools Benefit
📅 Monday, November 18, 2025 | 7:00 PM – 9:00 PM (doors open 6:30 PM)
📍 Rake Wine Bar (45 1st Ave, NYC)
🎟️ $35 per ticket
✨ Arts displays & live performances
🥂 Wine tasting & hors d'oeuvres
🤝 Meet fellow changemakers

Every ticket funds arts healing programs—attend to see how you can support further.

👉 [Get Your Ticket]

Corporate sponsors: Companies can also support, attend to learn more.

With gratitude,
Jameera Mahima Gujjarlapudi
Community School of Arts Foundation
🌐 Website: csoaf.org
📞 Phone: 917 216-5176",ready_to_send,2025-10-22 15:56:07
Gathering Place For Community Arts And Education,Clarks Summit,PA,,,2,Has Name + Never Donated,Gathering,"Gathering, Healing Through Arts: NYC Schools","Hi Gathering,

We're excited to invite you to join us as a sponsor of Healing Through Arts: NYC Schools, an unforgettable evening where art, music, and community come together to create lasting impact for NYC students.

[Insert banner image here]
""Students performing arts in NYC schools""

Why sponsor this event?

Direct community impact: Every sponsorship dollar funds arts healing programs in underserved NYC schools.

Exclusive engagement: Connect with city leaders, artists, and philanthropists at a vibrant evening of performances, wine tasting, and conversations.

🎭 Healing Through Arts: NYC Schools Benefit
📅 Monday, November 18, 2025 | 7:00 PM – 9:00 PM (doors open 6:30 PM)
📍 Rake Wine Bar (45 1st Ave, NYC)
🎟️ $35 per ticket
✨ Arts displays & live performances
🥂 Wine tasting & hors d'oeuvres
🤝 Meet fellow changemakers

Every ticket funds arts healing programs—attend to see how you can support further.

👉 [Get Your Ticket]

Corporate sponsors: Companies can also support, attend to learn more.

With gratitude,
Jameera Mahima Gujjarlapudi
Community School of Arts Foundation
🌐 Website: csoaf.org
📞 Phone: 917 216-5176",ready_to_send,2025-10-22 15:56:07
